country,year,iso_code,population,gdp,renewables_share_energy,fossil_share_energy,coal_share_energy,gas_share_energy,oil_share_energy,nuclear_share_energy,hydro_share_energy,wind_share_energy,solar_share_energy,energy_per_capita,carbon_intensity_elec
Bahrain,1990,BHR,514755.0,3274114048.0,,,,,,,,,,145882.297,
Bahrain,1991,BHR,531841.0,3651056896.0,,,,,,,,,,158036.203,
Bahrain,1992,BHR,547704.0,4256667904.0,,,,,,,,,,128741.703,
Bahrain,1993,BHR,562766.0,4978466304.0,,,,,,,,,,149633.656,
Bahrain,1994,BHR,577908.0,5580193792.0,,,,,,,,,,143563.875,
Bahrain,1995,BHR,593177.0,6161508864.0,,,,,,,,,,140115.797,
Bahrain,1996,BHR,608545.0,6872042496.0,,,,,,,,,,136910.094,
Bahrain,1997,BHR,623971.0,7574288384.0,,,,,,,,,,157316.141,
Bahrain,1998,BHR,639345.0,8524455936.0,,,,,,,,,,161166.453,
Bahrain,1999,BHR,654572.0,9667911680.0,,,,,,,,,,161509.688,
Bahrain,2000,BHR,669543.0,11032289280.0,,,,,,,,,,167094.625,904.762
Bahrain,2001,BHR,699926.0,12074987520.0,,,,,,,,,,165432.156,904.925
Bahrain,2002,BHR,752141.0,13787453440.0,,,,,,,,,,164260.469,904.98
Bahrain,2003,BHR,811229.0,16535287808.0,,,,,,,,,,159118.375,904.459
Bahrain,2004,BHR,871404.0,19633465344.0,,,,,,,,,,153445.609,904.644
Bahrain,2005,BHR,932571.0,22873325568.0,,,,,,,,,,160850.422,904.491
Bahrain,2006,BHR,994573.0,26149797888.0,,,,,,,,,,160924.25,898.764
Bahrain,2007,BHR,1057370.0,30119518208.0,,,,,,,,,,155411.562,901.473
Bahrain,2008,BHR,1120668.0,33548849152.0,,,,,,,,,,153552.609,904.908
Bahrain,2009,BHR,1183577.0,35937222656.0,,,,,,,,,,143945.891,904.699
Bahrain,2010,BHR,1213201.0,39778050048.0,,,,,,,,,,141967.203,904.702
Bahrain,2011,BHR,1206693.0,43727147008.0,,,,,,,,,,141224.812,904.684
Bahrain,2012,BHR,1216256.0,45357289472.0,,,,,,,,,,150518.25,904.723
Bahrain,2013,BHR,1257153.0,47813840896.0,,,,,,,,,,161945.844,904.67
Bahrain,2014,BHR,1312803.0,49894227968.0,,,,,,,,,,153723.641,904.255
Bahrain,2015,BHR,1369607.0,51134095360.0,,,,,,,,,,148649.344,904.528
Bahrain,2016,BHR,1429559.0,52953448448.0,,,,,,,,,,142098.906,904.278
Bahrain,2017,BHR,1481958.0,55226208256.0,,,,,,,,,,141025.578,904.55
Bahrain,2018,BHR,1497582.0,56391483392.0,,,,,,,,,,140429.266,904.569
Bahrain,2019,BHR,1485632.0,57613484032.0,,,,,,,,,,155665.203,904.259
Bahrain,2020,BHR,1483026.0,54937337856.0,,,,,,,,,,152086.828,904.134
Bahrain,2021,BHR,1501708.0,56404168704.0,,,,,,,,,,156368.266,903.568
Bahrain,2022,BHR,1533408.0,58769760256.0,,,,,,,,,,161788.438,902.747
Bahrain,2023,BHR,1569625.0,,,,,,,,,,,164937.672,902.405
Bahrain,2024,BHR,1607007.0,,,,,,,,,,,,
Bangladesh,1990,BGD,111633674.0,112105267200.0,3.332,96.668,4.441,62.067,30.161,0.0,3.332,0.0,0.0,661.596,
Bangladesh,1991,BGD,113787065.0,117331558400.0,3.274,96.726,1.472,66.251,29.004,0.0,3.274,0.0,0.0,626.21,
Bangladesh,1992,BGD,115952146.0,123425136640.0,2.851,97.149,1.266,66.226,29.657,0.0,2.851,0.0,0.0,670.195,
Bangladesh,1993,BGD,118132306.0,129907351552.0,1.979,98.021,0.429,67.391,30.201,0.0,1.979,0.0,0.0,723.221,
Bangladesh,1994,BGD,120343133.0,137432653824.0,2.599,97.401,0.379,67.359,29.664,0.0,2.599,0.0,0.0,753.596,
Bangladesh,1995,BGD,122600315.0,145833066496.0,0.965,99.035,3.486,62.988,32.561,0.0,0.965,0.0,0.0,873.641,
Bangladesh,1996,BGD,124862131.0,155028881408.0,1.832,98.168,1.826,64.571,31.772,0.0,1.832,0.0,0.0,898.611,
Bangladesh,1997,BGD,127198029.0,165329616896.0,1.696,98.304,3.189,60.404,34.711,0.0,1.696,0.0,0.0,926.829,
Bangladesh,1998,BGD,129622282.0,175900622848.0,1.916,98.084,0.862,61.293,35.928,0.0,1.916,0.0,0.0,968.654,
Bangladesh,1999,BGD,132108017.0,187794882560.0,1.824,98.176,0.422,66.072,31.682,0.0,1.824,0.0,0.0,961.224,
Bangladesh,2000,BGD,134544254.0,200824291328.0,1.625,98.375,2.818,66.547,29.01,0.0,1.528,0.0,0.0,1012.713,645.546
Bangladesh,2001,BGD,136805753.0,213164802048.0,1.831,98.169,2.616,65.223,30.329,0.0,1.764,0.0,0.0,1138.044,647.296
Bangladesh,2002,BGD,138933610.0,226285289472.0,1.454,98.546,2.722,68.358,27.466,0.0,1.315,0.0,0.0,1124.599,647.493
Bangladesh,2003,BGD,140970309.0,242325880832.0,1.353,98.647,2.463,69.578,26.607,0.0,1.237,0.0,0.001,1171.226,648.231
Bangladesh,2004,BGD,142902810.0,260372742144.0,1.233,98.767,2.32,70.369,26.078,0.0,1.157,0.0,0.003,1228.084,653.004
Bangladesh,2005,BGD,144715747.0,280264343552.0,1.123,98.877,4.391,69.766,24.72,0.0,1.059,0.0,0.005,1314.626,654.674
Bangladesh,2006,BGD,146405934.0,303255453696.0,1.051,98.949,6.165,69.809,22.975,0.0,0.973,0.002,0.007,1406.255,655.836
Bangladesh,2007,BGD,147989238.0,327072514048.0,1.037,98.963,4.891,72.47,21.601,0.0,0.941,0.002,0.011,1430.874,673.12
Bangladesh,2008,BGD,149474218.0,349461381120.0,1.224,98.776,4.891,73.509,20.376,0.0,1.125,0.003,0.018,1491.569,672.51
Bangladesh,2009,BGD,150873661.0,372693237760.0,0.513,99.487,5.551,76.434,17.502,0.0,0.446,0.005,0.027,1626.154,681.977
Bangladesh,2010,BGD,152201922.0,400087810048.0,0.834,99.166,3.457,76.727,18.982,0.0,0.757,0.005,0.046,1649.614,675.232
Bangladesh,2011,BGD,153591029.0,431418703872.0,0.995,99.005,4.758,72.137,22.11,0.0,0.832,0.005,0.118,1768.522,672.546
Bangladesh,2012,BGD,155070060.0,458456629248.0,0.846,99.154,3.614,72.358,23.182,0.0,0.679,0.004,0.136,1902.543,673.797
Bangladesh,2013,BGD,156532092.0,486135234560.0,0.813,99.187,4.817,71.643,22.727,0.0,0.608,0.004,0.162,1958.555,673.791
Bangladesh,2014,BGD,157964878.0,516793794560.0,0.686,99.314,2.937,72.301,24.076,0.0,0.453,0.004,0.185,2016.641,676.539
Bangladesh,2015,BGD,159383130.0,552104755200.0,0.793,99.207,7.958,67.169,24.079,0.0,0.591,0.003,0.175,2416.201,675.831
Bangladesh,2016,BGD,160811890.0,589932658688.0,0.74,99.26,5.96,68.434,24.866,0.0,0.575,0.003,0.143,2404.68,672.601
Bangladesh,2017,BGD,162186094.0,630957801472.0,0.857,99.143,6.236,66.028,26.879,0.0,0.639,0.003,0.181,2484.586,672.158
Bangladesh,2018,BGD,163523054.0,678912393216.0,0.708,99.292,6.642,63.774,28.876,0.0,0.501,0.003,0.182,2631.36,673.026
Bangladesh,2019,BGD,164913011.0,717214580736.0,0.64,99.36,9.964,64.13,25.266,0.0,0.422,0.003,0.192,2926.161,675.244
Bangladesh,2020,BGD,166297978.0,754358353920.0,0.653,99.347,11.448,65.423,22.476,0.0,0.378,0.003,0.248,2750.768,678.914
Bangladesh,2021,BGD,167658798.0,807308361728.0,0.671,99.329,8.595,62.179,28.555,0.0,0.341,0.003,0.307,2937.337,679.038
Bangladesh,2022,BGD,169384838.0,858143916032.0,0.693,99.307,10.821,56.034,32.453,0.0,0.372,0.002,0.311,3023.729,676.479
Bangladesh,2023,BGD,171466945.0,,0.79,99.21,16.148,55.541,27.522,0.0,0.329,0.008,0.446,2954.85,683.12
Bangladesh,2024,BGD,173562319.0,,1.095,98.905,16.874,51.68,30.35,0.0,0.458,0.045,0.585,3048.314,694.625
Brazil,1990,BRA,149143183.0,1185475198976.0,43.267,56.326,7.317,2.062,46.947,0.407,37.639,0.0,0.0,10479.677,
Brazil,1991,BRA,151724204.0,1213090103296.0,43.701,56.046,8.075,2.064,45.907,0.253,38.175,0.0,0.0,10703.906,
Brazil,1992,BRA,154275022.0,1221828542464.0,44.017,55.679,7.705,2.299,45.676,0.303,38.495,0.0,0.0,10708.821,
Brazil,1993,BRA,156794519.0,1298220843008.0,44.217,55.71,7.58,2.571,45.559,0.073,38.688,0.0,0.0,11035.18,
Brazil,1994,BRA,159264962.0,1391783968768.0,43.932,56.059,7.449,2.688,45.922,0.009,38.24,0.0,0.0,11345.27,
Brazil,1995,BRA,161735036.0,1468835168256.0,43.373,56.252,7.377,2.802,46.074,0.375,37.777,0.0,0.0,11828.177,
Brazil,1996,BRA,164202497.0,1520364945408.0,42.834,56.826,7.169,2.907,46.75,0.34,37.235,0.0,0.0,12366.629,
Brazil,1997,BRA,166661609.0,1591956078592.0,42.148,57.433,6.813,2.984,47.636,0.419,36.927,0.001,0.0,12895.617,
Brazil,1998,BRA,169159594.0,1617675812864.0,42.033,57.553,6.405,3.002,48.146,0.415,37.029,0.001,0.0,13238.576,
Brazil,1999,BRA,171641487.0,1645888012288.0,41.786,57.716,6.397,3.513,47.805,0.498,36.717,0.0,0.0,13225.073,
Brazil,2000,BRA,174018229.0,1739727962112.0,40.939,58.334,6.548,4.203,47.582,0.727,36.623,0.0,0.0,13586.25,89.445
Brazil,2001,BRA,176301154.0,1785513115648.0,37.181,61.071,6.596,5.447,49.027,1.749,32.806,0.004,0.0,13068.838,105.737
Brazil,2002,BRA,178503419.0,1861742362624.0,38.819,59.532,6.265,6.315,46.952,1.649,34.097,0.007,0.0,13173.614,97.304
Brazil,2003,BRA,180622646.0,1904932683776.0,40.449,57.989,6.41,6.97,44.61,1.561,35.722,0.007,0.0,13211.71,90.672
Brazil,2004,BRA,182675086.0,2038447996928.0,40.444,58.27,6.402,7.897,43.971,1.286,35.53,0.007,0.0,13703.963,101.783
Brazil,2005,BRA,184688047.0,2129214439424.0,41.27,57.674,6.023,8.024,43.627,1.056,36.164,0.01,0.0,13910.281,98.891
Brazil,2006,BRA,186653053.0,2240805339136.0,41.147,57.428,5.774,8.206,43.448,1.425,36.15,0.025,0.0,14152.367,95.959
Brazil,2007,BRA,188552256.0,2405626806272.0,42.285,56.519,5.75,7.94,42.829,1.196,36.228,0.064,0.0,14905.913,90.913
Brazil,2008,BRA,190367242.0,2559842713600.0,41.389,57.327,5.578,8.939,42.809,1.284,33.968,0.109,0.0,15424.68,113.628
Brazil,2009,BRA,192079912.0,2589568270336.0,44.157,54.653,4.522,7.233,42.897,1.19,35.915,0.114,0.0,15230.744,87.372
Brazil,2010,BRA,193701879.0,2820492492800.0,42.505,56.281,5.397,8.849,42.034,1.214,33.702,0.182,0.0,16462.074,114.153
Brazil,2011,BRA,195284687.0,2968454955008.0,42.378,56.37,5.544,8.48,42.346,1.252,34.24,0.216,0.0,16981.994,99.763
Brazil,2012,BRA,196876061.0,3025484382208.0,40.259,58.501,5.33,9.766,43.406,1.239,32.09,0.39,0.0,17312.084,128.344
Brazil,2013,BRA,198478236.0,3116394610688.0,38.407,60.442,5.586,11.188,43.667,1.152,29.149,0.49,0.0,17638.986,167.843
Brazil,2014,BRA,200085074.0,3132099919872.0,37.566,61.318,5.808,11.589,43.921,1.115,27.086,0.886,0.001,17870.574,192.939
Brazil,2015,BRA,201675482.0,3021043138560.0,38.708,60.217,5.908,12.374,41.935,1.075,26.248,1.578,0.004,17530.332,188.638
Brazil,2016,BRA,203218058.0,2922076176384.0,41.536,57.285,5.48,10.976,40.829,1.18,28.324,2.49,0.006,16983.994,149.648
Brazil,2017,BRA,204703394.0,2960731668480.0,41.294,57.551,5.733,11.047,40.771,1.155,27.221,3.11,0.061,16988.623,155.875
Brazil,2018,BRA,206107217.0,3013541101568.0,44.126,54.731,5.597,10.518,38.615,1.143,28.357,3.534,0.252,16915.361,136.949
Brazil,2019,BRA,207455405.0,3050327244800.0,45.178,53.678,5.146,10.243,38.288,1.144,28.232,3.973,0.472,17194.148,141.932
Brazil,2020,BRA,208660785.0,2950377504768.0,47.116,51.847,4.852,9.395,37.6,1.037,29.261,4.211,0.793,16401.881,133.358
Brazil,2021,BRA,209550238.0,3097565331456.0,43.673,55.294,5.619,11.532,38.143,1.033,25.479,5.076,1.176,17089.93,168.051
Brazil,2022,BRA,210306358.0,3187413090304.0,47.66,51.359,4.464,8.772,38.123,0.981,28.779,5.5,2.03,17744.197,103.327
Brazil,2023,BRA,211140678.0,,48.95,50.109,4.238,7.949,37.922,0.941,27.646,6.217,3.286,18252.031,96.396
Brazil,2024,BRA,211998503.0,,49.616,49.378,3.863,8.198,37.317,1.006,26.342,6.916,4.547,18486.234,103.212
Canada,1990,CAN,27789386.0,835996811264.0,28.252,64.928,10.695,21.606,32.627,6.821,27.833,0.0,0.0,108263.711,
Canada,1991,CAN,28157104.0,820274266112.0,29.252,62.834,10.319,21.686,30.829,7.913,28.832,0.0,0.0,107284.75,
Canada,1992,CAN,28500013.0,829742120960.0,29.262,63.426,10.237,22.386,30.804,7.312,28.797,0.005,0.0,108832.422,
Canada,1993,CAN,28830582.0,853776007168.0,29.209,62.476,8.866,23.171,30.439,8.315,28.721,0.005,0.0,110299.773,
Canada,1994,CAN,29147326.0,894851940352.0,28.705,62.101,9.055,23.103,29.944,9.193,28.146,0.005,0.0,113257.586,
Canada,1995,CAN,29459088.0,921360072704.0,28.664,63.196,9.236,23.299,30.661,8.14,27.986,0.005,0.0,114799.445,
Canada,1996,CAN,29767159.0,938872537088.0,29.629,62.855,9.18,23.075,30.6,7.516,28.932,0.005,0.0,116707.008,
Canada,1997,CAN,30059030.0,981728100352.0,29.044,64.306,9.542,23.4,31.364,6.65,28.293,0.005,0.001,116146.305,
Canada,1998,CAN,30329929.0,1022474584064.0,28.09,66.07,10.341,23.322,32.408,5.84,27.216,0.005,0.001,113457.875,
Canada,1999,CAN,30599404.0,1078414934016.0,28.364,65.818,9.635,24.165,32.018,5.819,27.506,0.013,0.001,116045.047,
Canada,2000,CAN,30891756.0,1137681367040.0,28.536,65.852,9.925,24.932,30.995,5.612,27.693,0.02,0.001,118073.234,245.686
Canada,2001,CAN,31213533.0,1161459924992.0,27.032,66.972,10.52,23.951,32.502,5.996,26.099,0.026,0.002,114440.68,255.649
Canada,2002,CAN,31535531.0,1199865593856.0,27.335,66.997,10.241,24.125,32.631,5.668,26.394,0.031,0.002,117118.461,245.119
Canada,2003,CAN,31836434.0,1224575811584.0,26.02,68.423,10.155,24.619,33.649,5.557,25.114,0.052,0.002,116565.227,251.636
Canada,2004,CAN,32132620.0,1265917231104.0,25.7,67.733,9.445,23.708,34.58,6.567,24.757,0.069,0.001,117266.117,235.338
Canada,2005,CAN,32440126.0,1310077878272.0,27.043,66.365,9.347,23.502,33.516,6.593,26.107,0.113,0.001,117037.266,225.012
Canada,2006,CAN,32759122.0,1348293361664.0,27.208,65.572,9.366,24.17,32.035,7.22,26.191,0.184,0.002,112017.961,216.508
Canada,2007,CAN,33092121.0,1379925884928.0,26.53,67.058,9.161,24.322,33.576,6.412,25.39,0.208,0.002,118416.398,227.755
Canada,2008,CAN,33449040.0,1397938716672.0,27.374,66.006,8.821,24.351,32.834,6.62,26.208,0.263,0.002,115754.32,213.475
Canada,2009,CAN,33826322.0,1360538107904.0,27.993,65.577,7.67,24.57,33.337,6.43,26.498,0.477,0.008,109988.438,204.327
Canada,2010,CAN,34196847.0,1406355374080.0,26.567,67.085,7.771,24.798,34.516,6.349,24.78,0.615,0.018,109967.867,214.783
Canada,2011,CAN,34555403.0,1454221426688.0,27.419,66.293,6.763,26.259,33.271,6.288,25.419,0.689,0.039,112865.625,206.182
Canada,2012,CAN,34922466.0,1479829618688.0,27.863,65.8,6.406,25.95,33.444,6.337,25.581,0.761,0.059,111724.438,193.389
Canada,2013,CAN,35293366.0,1514296442880.0,27.745,65.57,6.09,26.831,32.649,6.685,25.498,0.725,0.098,113459.016,186.963
Canada,2014,CAN,35634224.0,1557757558784.0,27.026,66.089,5.781,27.898,32.41,6.885,24.72,0.828,0.137,112508.57,188.86
Canada,2015,CAN,35962183.0,1568025739264.0,27.733,65.785,5.428,27.939,32.418,6.481,24.502,1.729,0.186,111824.5,184.365
Canada,2016,CAN,36353292.0,1583728033792.0,28.46,65.047,5.481,27.103,32.463,6.493,24.846,1.994,0.194,109289.602,180.678
Canada,2017,CAN,36808448.0,1631871434752.0,28.65,64.986,5.551,27.748,31.686,6.365,24.966,1.994,0.209,109394.312,172.011
Canada,2018,CAN,37294942.0,1677189185536.0,27.664,66.13,4.513,29.351,32.267,6.206,23.94,2.076,0.217,109464.961,170.791
Canada,2019,CAN,37782884.0,1708858146816.0,27.407,66.353,4.243,29.763,32.347,6.24,23.704,2.041,0.233,107455.766,169.916
Canada,2020,CAN,38171851.0,1622144450560.0,29.457,64.143,3.885,30.644,29.614,6.4,25.369,2.347,0.267,100465.242,160.499
Canada,2021,CAN,38454011.0,1703443300352.0,29.113,64.911,3.461,31.287,30.163,5.975,24.843,2.423,0.332,100431.133,163.002
Canada,2022,CAN,38821209.0,1761295597568.0,29.497,65.036,2.748,31.8,30.489,5.467,25.099,2.491,0.362,102122.555,156.795
Canada,2023,CAN,39299053.0,,27.858,66.492,2.697,32.514,31.281,5.65,23.048,2.588,0.537,98930.125,165.148
Canada,2024,CAN,39742378.0,,27.157,67.389,2.123,33.629,31.637,5.454,21.901,2.988,0.601,97784.664,174.814
China,1990,CHN,1153582668.0,3385121832960.0,4.45,95.55,77.5,1.948,16.102,0.0,4.448,0.0,0.0,6881.388,
China,1991,CHN,1170788481.0,3508947910656.0,4.168,95.832,77.369,1.877,16.586,0.0,4.165,0.0,0.0,7121.363,
China,1992,CHN,1184574195.0,3755037425664.0,4.157,95.843,76.929,1.819,17.096,0.0,4.149,0.004,0.0,7406.634,
China,1993,CHN,1197308522.0,4126169366528.0,4.483,95.47,76.035,1.792,17.643,0.047,4.473,0.006,0.0,7899.078,
China,1994,CHN,1209003049.0,4438753280000.0,4.668,94.923,76.28,1.767,16.876,0.409,4.643,0.011,0.0,8311.652,
China,1995,CHN,1220133877.0,4810000039936.0,5.239,94.415,74.988,1.733,17.695,0.346,5.131,0.017,0.0,8484.854,
China,1996,CHN,1230944759.0,5127589593088.0,4.849,94.785,74.455,1.723,18.606,0.366,4.802,0.002,0.0,8861.04,
China,1997,CHN,1241139564.0,5291339415552.0,5.057,94.577,72.471,1.809,20.297,0.366,4.974,0.005,0.0,8847.622,
China,1998,CHN,1250847078.0,5338703069184.0,5.119,94.524,71.797,1.862,20.865,0.357,5.039,0.009,0.0,8794.493,
China,1999,CHN,1260176600.0,5578502963200.0,4.893,94.742,71.359,1.909,21.474,0.366,4.811,0.012,0.0,9035.296,
China,2000,CHN,1269581120.0,5952682590208.0,5.336,94.269,69.83,2.1,22.339,0.395,5.254,0.014,0.001,9294.628,783.314
China,2001,CHN,1278725010.0,6329737412608.0,6.251,93.36,69.53,2.226,21.604,0.389,6.17,0.016,0.001,9751.951,762.735
China,2002,CHN,1286866794.0,6814493573120.0,5.922,93.569,69.989,2.174,21.406,0.509,5.832,0.017,0.001,10553.145,773.163
China,2003,CHN,1294517277.0,7248623435776.0,5.001,94.25,71.565,2.168,20.517,0.749,4.903,0.017,0.001,12219.811,790.786
China,2004,CHN,1302100264.0,7830953263104.0,5.289,93.969,71.32,2.168,20.481,0.742,5.194,0.019,0.001,14214.832,778.356
China,2005,CHN,1310027084.0,8602939555840.0,5.239,94.08,73.52,2.242,18.319,0.681,5.093,0.025,0.001,16050.938,781.931
China,2006,CHN,1318053984.0,9489543593984.0,5.267,94.095,73.656,2.516,17.923,0.638,5.073,0.043,0.001,17486.639,786.511
China,2007,CHN,1325813524.0,10358205972480.0,5.407,93.932,73.804,2.847,17.28,0.662,5.17,0.058,0.001,18893.74,785.125
China,2008,CHN,1333820960.0,10799147909120.0,6.872,92.431,72.251,3.163,17.017,0.697,6.488,0.133,0.002,19508.213,746.948
China,2009,CHN,1342522666.0,11572544012288.0,6.56,92.76,72.489,3.336,16.935,0.68,5.975,0.268,0.003,20229.75,753.029
China,2010,CHN,1351561462.0,12858808074240.0,7.195,92.132,70.336,3.765,18.031,0.673,6.406,0.445,0.006,21497.809,740.64
China,2011,CHN,1360250601.0,13691527364608.0,6.697,92.579,70.97,4.332,17.277,0.724,5.713,0.615,0.022,23037.326,752.231
China,2012,CHN,1369520822.0,14773157625856.0,8.068,91.152,69.083,4.648,17.421,0.781,6.851,0.818,0.029,23821.602,720.151
China,2013,CHN,1379007984.0,15925464006656.0,8.474,90.679,68.027,5.105,17.547,0.847,6.91,1.05,0.064,24548.492,717.389
China,2014,CHN,1387951920.0,17103948087296.0,9.69,89.328,66.074,5.458,17.797,0.982,7.812,1.178,0.173,25021.809,693.728
China,2015,CHN,1396134112.0,18301224747008.0,10.278,88.48,63.967,5.577,18.936,1.243,8.083,1.346,0.286,25166.629,667.715
China,2016,CHN,1404052581.0,19545710395392.0,11.113,87.357,61.893,5.98,19.484,1.529,8.274,1.728,0.477,25125.633,651.666
China,2017,CHN,1412354694.0,20894363680768.0,11.666,86.629,60.249,6.632,19.748,1.705,8.007,2.093,0.81,25949.135,644.167
China,2018,CHN,1419008910.0,22294286041088.0,12.224,85.85,58.647,7.45,19.754,1.925,7.825,2.388,1.155,27068.061,636.876
China,2019,CHN,1423520298.0,23631939764224.0,12.786,85.048,57.512,7.737,19.8,2.166,7.903,2.517,1.391,28231.928,619.617
China,2020,CHN,1426106040.0,24151844716544.0,13.396,84.407,56.879,8.181,19.346,2.198,7.932,2.8,1.567,29095.936,606.258
China,2021,CHN,1426437224.0,26180600201216.0,14.195,83.496,55.941,8.749,18.806,2.309,7.367,3.716,1.853,30738.947,599.005
China,2022,CHN,1425179509.0,26966017179648.0,15.218,82.455,55.309,8.561,18.585,2.327,7.23,4.248,2.38,31235.709,586.7
China,2023,CHN,1422584878.0,,15.505,82.22,54.028,8.686,19.506,2.275,6.416,4.636,3.057,33089.07,583.608
China,2024,CHN,1419321230.0,,17.472,80.259,52.807,8.961,18.491,2.268,6.814,5.016,4.221,34514.457,559.552
Colombia,1990,COL,32440020.0,253538205696.0,31.201,68.799,7.507,15.117,46.175,0.0,30.855,0.0,0.0,7783.015,
Colombia,1991,COL,33098327.0,259415670784.0,30.631,69.369,9.194,15.179,44.997,0.0,30.3,0.0,0.0,7830.271,
Colombia,1992,COL,33760526.0,270562869248.0,23.802,76.198,14.778,14.354,47.066,0.0,23.4,0.0,0.0,7953.25,
Colombia,1993,COL,34441431.0,286025318400.0,27.369,72.631,14.271,13.726,44.634,0.0,26.946,0.0,0.0,8483.571,
Colombia,1994,COL,35127363.0,300636176384.0,29.116,70.884,15.102,12.555,43.228,0.0,28.669,0.0,0.0,9006.93,
Colombia,1995,COL,35804622.0,316101722112.0,28.416,71.584,13.202,13.043,45.339,0.0,27.947,0.0,0.0,9041.425,
Colombia,1996,COL,36462687.0,322403827712.0,30.151,69.849,9.854,13.658,46.338,0.0,29.682,0.0,0.0,9231.324,
Colombia,1997,COL,37121106.0,333997146112.0,26.432,73.568,11.453,16.862,45.253,0.0,25.983,0.0,0.0,9217.662,
Colombia,1998,COL,37792117.0,335365603328.0,25.565,74.435,10.75,19.323,44.363,0.0,25.077,0.0,0.0,9169.139,
Colombia,1999,COL,38454817.0,321583120384.0,30.0,70.0,9.24,17.963,42.797,0.0,29.549,0.0,0.0,8396.205,
Colombia,2000,COL,39089879.0,330615619584.0,28.239,71.761,10.186,18.585,42.99,0.0,27.735,0.0,0.002,8037.486,189.208
Colombia,2001,COL,39709209.0,336096690176.0,28.572,71.428,9.945,19.079,42.403,0.0,28.072,0.0,0.002,7979.627,197.728
Colombia,2002,COL,40324632.0,344517672960.0,30.439,69.561,8.192,19.3,42.07,0.0,29.941,0.0,0.004,7859.615,183.404
Colombia,2003,COL,40937378.0,357889179648.0,31.64,68.36,8.918,18.168,41.273,0.0,31.146,0.0,0.006,7886.763,172.078
Colombia,2004,COL,41543134.0,376728256512.0,31.689,68.311,7.419,18.428,42.464,0.0,31.202,0.042,0.006,8172.966,148.388
Colombia,2005,COL,42128928.0,394076061696.0,32.783,67.217,4.754,19.69,42.773,0.0,32.205,0.041,0.008,7935.201,159.992
Colombia,2006,COL,42691022.0,420283842560.0,30.936,69.064,11.708,17.866,39.49,0.0,30.053,0.044,0.0,9041.402,158.98
Colombia,2007,COL,43235327.0,448731316224.0,31.46,68.54,10.144,18.612,39.785,0.0,30.579,0.034,0.0,9072.933,155.138
Colombia,2008,COL,43758748.0,464038723584.0,31.267,68.733,12.894,18.164,37.675,0.0,30.41,0.036,0.0,9334.818,137.527
Colombia,2009,COL,44271496.0,471326588928.0,28.771,71.229,11.97,21.115,38.144,0.0,27.009,0.038,0.0,9120.592,211.63
Colombia,2010,COL,44777278.0,489870196736.0,27.404,72.596,13.389,20.943,38.264,0.0,25.294,0.024,0.0,9482.512,229.454
Colombia,2011,COL,45259560.0,521323249664.0,31.371,68.629,10.393,19.549,38.687,0.0,28.804,0.025,0.0,9805.588,151.378
Colombia,2012,COL,45715766.0,541722640384.0,29.023,70.977,11.759,20.401,38.817,0.0,26.43,0.03,0.0,10323.202,179.036
Colombia,2013,COL,46151536.0,569534644224.0,26.267,73.733,12.291,21.942,39.5,0.0,23.762,0.031,0.0,10509.718,236.022
Colombia,2014,COL,46565374.0,595158040576.0,25.308,74.692,12.357,22.628,39.707,0.0,22.629,0.036,0.0,10964.926,236.73
Colombia,2015,COL,46969894.0,612750917632.0,25.545,74.455,11.624,22.556,40.275,0.0,22.758,0.035,0.0,10738.832,275.362
Colombia,2016,COL,47437468.0,625545117696.0,24.363,75.637,11.746,22.308,41.583,0.0,21.73,0.024,0.0,11569.522,259.551
Colombia,2017,COL,48131023.0,634046316544.0,28.787,71.213,8.872,21.674,40.667,0.0,26.256,0.001,0.002,11535.705,166.178
Colombia,2018,COL,49024413.0,650303242240.0,27.908,72.092,8.087,22.644,41.36,0.0,25.068,0.019,0.005,11652.979,187.444
Colombia,2019,COL,49907932.0,671028412416.0,26.754,73.246,9.497,22.787,40.962,0.0,23.856,0.028,0.058,11495.889,240.924
Colombia,2020,COL,50629945.0,622365376512.0,27.111,72.889,9.313,25.74,37.836,0.0,24.137,0.005,0.092,10227.399,271.254
Colombia,2021,COL,51188120.0,690925207552.0,29.666,70.334,6.777,22.696,40.862,0.0,26.783,0.027,0.143,11053.641,195.827
Colombia,2022,COL,51737891.0,742716997632.0,28.384,71.616,8.005,20.386,43.225,0.0,25.606,0.03,0.2,12123.163,202.148
Colombia,2023,COL,52321104.0,,27.398,72.602,8.967,21.561,42.075,0.0,24.103,0.082,0.483,11760.22,268.967
Colombia,2024,COL,52886314.0,,26.093,73.907,10.145,22.154,41.608,0.0,21.893,0.06,1.327,11645.505,285.796
Egypt,1990,EGY,58396583.0,227979902976.0,7.097,92.903,2.266,19.94,70.696,0.0,7.097,0.0,0.0,6701.136,
Egypt,1991,EGY,60028948.0,241323327488.0,6.979,93.021,2.302,22.145,68.574,0.0,6.979,0.0,0.0,6604.025,
Egypt,1992,EGY,61480607.0,254191042560.0,6.965,93.035,2.381,24.181,66.473,0.0,6.965,0.0,0.0,6386.177,
Egypt,1993,EGY,62915626.0,269984907264.0,7.168,92.832,2.867,27.784,62.181,0.0,7.168,0.0,0.0,6245.075,
Egypt,1994,EGY,64285546.0,286215798784.0,7.245,92.755,2.934,28.081,61.74,0.0,7.245,0.0,0.0,6428.0,
Egypt,1995,EGY,65652570.0,305979228160.0,7.134,92.866,1.853,27.827,63.187,0.0,7.134,0.0,0.0,6668.75,
Egypt,1996,EGY,67027996.0,328668872704.0,6.947,93.053,2.417,27.247,63.389,0.0,6.947,0.0,0.0,6881.853,
Egypt,1997,EGY,68431693.0,354503262208.0,6.835,93.165,1.963,26.96,64.242,0.0,6.835,0.0,0.0,7021.606,
Egypt,1998,EGY,69943248.0,380551430144.0,6.75,93.25,1.855,26.471,64.924,0.0,6.75,0.0,0.0,7153.046,
Egypt,1999,EGY,71520901.0,409935675392.0,6.992,93.008,1.571,29.533,61.904,0.0,6.985,0.006,0.0,7506.74,
Egypt,2000,EGY,73083242.0,444250292224.0,6.998,93.002,1.787,34.012,57.204,0.0,6.958,0.04,0.0,7779.259,525.641
Egypt,2001,EGY,74651984.0,475678998528.0,6.824,93.176,1.506,39.917,51.753,0.0,6.74,0.084,0.0,7947.73,533.763
Egypt,2002,EGY,76239093.0,501912305664.0,6.405,93.595,1.57,41.972,50.052,0.0,6.309,0.096,0.0,8004.343,542.966
Egypt,2003,EGY,77853500.0,528750444544.0,5.599,94.401,1.537,44.411,48.453,0.0,5.477,0.121,0.0,8297.528,556.026
Egypt,2004,EGY,79477386.0,561597906944.0,5.317,94.683,1.488,44.885,48.31,0.0,5.116,0.201,0.0,8581.734,559.898
Egypt,2005,EGY,81100965.0,600297439232.0,5.073,94.927,1.419,43.63,49.878,0.0,4.876,0.197,0.0,8624.023,566.991
Egypt,2006,EGY,82700350.0,650403840000.0,4.876,95.124,1.348,47.84,45.936,0.0,4.655,0.22,0.0,8907.391,570.213
Egypt,2007,EGY,84276171.0,713462317056.0,5.061,94.939,1.151,47.209,46.579,0.0,4.835,0.225,0.0,9309.623,567.579
Egypt,2008,EGY,85864736.0,775303659520.0,5.101,94.899,0.977,47.412,46.511,0.0,4.804,0.296,0.0,9687.774,567.391
Egypt,2009,EGY,87501586.0,831414992896.0,4.525,95.475,0.838,47.655,46.982,0.0,4.207,0.317,0.001,9847.494,576.45
Egypt,2010,EGY,89196017.0,898751397888.0,4.198,95.802,0.605,48.64,46.558,0.0,3.779,0.411,0.007,10035.333,582.704
Egypt,2011,EGY,91093017.0,923052867584.0,4.063,95.937,0.546,50.856,44.534,0.0,3.584,0.412,0.067,10336.398,583.177
Egypt,2012,EGY,93160949.0,950287269888.0,3.92,96.08,0.465,51.805,43.81,0.0,3.435,0.352,0.133,10518.406,587.878
Egypt,2013,EGY,95333501.0,984556568576.0,3.909,96.091,0.462,50.991,44.637,0.0,3.487,0.415,0.007,10209.095,589.169
Egypt,2014,EGY,97528601.0,1035721834496.0,3.913,96.087,0.471,48.167,47.448,0.0,3.603,0.273,0.037,9863.481,591.859
Egypt,2015,EGY,99597285.0,1079611555840.0,4.062,95.938,0.957,47.267,47.714,0.0,3.558,0.493,0.011,9800.549,592.257
Egypt,2016,EGY,101644536.0,1121578516480.0,3.87,96.13,1.379,48.026,46.725,0.0,3.227,0.586,0.057,10135.919,592.965
Egypt,2017,EGY,103696006.0,1158060441600.0,3.627,96.373,1.306,52.359,42.707,0.0,2.993,0.494,0.141,10325.811,594.69
Egypt,2018,EGY,105682048.0,1220661739520.0,3.832,96.168,2.376,55.762,38.03,0.0,3.008,0.695,0.129,10137.441,592.407
Egypt,2019,EGY,107553107.0,1289253421056.0,4.638,95.362,2.194,56.473,36.694,0.0,3.107,1.179,0.353,9749.411,579.449
Egypt,2020,EGY,109315075.0,1307778088960.0,5.968,94.032,0.888,59.306,33.837,0.0,3.536,1.314,1.118,9028.076,566.336
Egypt,2021,EGY,110956950.0,1400985616384.0,5.908,94.092,1.335,58.753,34.005,0.0,3.472,1.278,1.158,9564.889,571.306
Egypt,2022,EGY,112618191.0,1460427423744.0,5.687,94.313,1.107,54.769,38.437,0.0,3.266,1.31,1.111,9857.584,574.731
Egypt,2023,EGY,114535724.0,,5.804,94.196,1.248,55.004,37.944,0.0,3.363,1.338,1.103,9566.158,574.044
Egypt,2024,EGY,116538208.0,,5.778,94.222,1.704,53.287,39.23,0.0,3.125,1.334,1.319,9660.868,571.938
Ethiopia,1990,ETH,47609716.0,45030920192.0,,,,,,,,,,278.254,
Ethiopia,1991,ETH,49717150.0,41447817216.0,,,,,,,,,,224.466,
Ethiopia,1992,ETH,51853704.0,37455351808.0,,,,,,,,,,303.966,
Ethiopia,1993,ETH,53708848.0,37874282496.0,,,,,,,,,,274.483,
Ethiopia,1994,ETH,55611462.0,40711847936.0,,,,,,,,,,183.879,
Ethiopia,1995,ETH,57537286.0,42631098368.0,,,,,,,,,,191.528,
Ethiopia,1996,ETH,59467593.0,46130266112.0,,,,,,,,,,144.92,
Ethiopia,1997,ETH,61404491.0,49275076608.0,,,,,,,,,,140.928,
Ethiopia,1998,ETH,63363475.0,48734081024.0,,,,,,,,,,191.173,
Ethiopia,1999,ETH,65374500.0,48438288384.0,,,,,,,,,,227.92,
Ethiopia,2000,ETH,67411450.0,50326966272.0,,,,,,,,,,237.98,35.503
Ethiopia,2001,ETH,69487716.0,52434128896.0,,,,,,,,,,244.971,34.314
Ethiopia,2002,ETH,71635475.0,54501781504.0,,,,,,,,,,246.018,33.981
Ethiopia,2003,ETH,73832609.0,53892038656.0,,,,,,,,,,256.372,30.043
Ethiopia,2004,ETH,76077161.0,55845384192.0,,,,,,,,,,264.853,31.128
Ethiopia,2005,ETH,78367414.0,61634777088.0,,,,,,,,,,297.265,31.25
Ethiopia,2006,ETH,80703444.0,67217117184.0,,,,,,,,,,313.911,30.211
Ethiopia,2007,ETH,83103168.0,73421783040.0,,,,,,,,,,342.712,34.985
Ethiopia,2008,ETH,85543618.0,79756500992.0,,,,,,,,,,353.999,30.03
Ethiopia,2009,ETH,88007584.0,86391029760.0,,,,,,,,,,354.188,35.912
Ethiopia,2010,ETH,90538466.0,94148624384.0,,,,,,,,,,360.906,31.936
Ethiopia,2011,ETH,93149926.0,104948629504.0,,,,,,,,,,383.195,29.968
Ethiopia,2012,ETH,95798722.0,116345225216.0,,,,,,,,,,408.92,25.099
Ethiopia,2013,ETH,98438710.0,128310304768.0,,,,,,,,,,466.468,25.375
Ethiopia,2014,ETH,101115562.0,141950550016.0,,,,,,,,,,521.378,23.231
Ethiopia,2015,ETH,103867085.0,157107159040.0,,,,,,,,,,533.245,24.062
Ethiopia,2016,ETH,106718119.0,173708918784.0,,,,,,,,,,597.669,24.058
Ethiopia,2017,ETH,109666428.0,190761664512.0,,,,,,,,,,581.11,23.628
Ethiopia,2018,ETH,112664117.0,206205566976.0,,,,,,,,,,614.368,23.893
Ethiopia,2019,ETH,115737338.0,221885284352.0,,,,,,,,,,688.228,24.167
Ethiopia,2020,ETH,118917625.0,237860192256.0,,,,,,,,,,576.794,24.328
Ethiopia,2021,ETH,122138537.0,251849818112.0,,,,,,,,,,585.118,22.814
Ethiopia,2022,ETH,125384244.0,269977223168.0,,,,,,,,,,642.378,23.55
Ethiopia,2023,ETH,128691654.0,,,,,,,,,,,693.361,23.549
Finland,1990,FIN,4986530.0,134055206912.0,14.47,68.839,19.164,7.883,41.792,16.691,9.432,0.0,0.0,64824.422,
Finland,1991,FIN,5013842.0,126220140544.0,15.994,67.427,18.725,8.128,40.573,16.58,11.214,0.0,0.0,65968.953,
Finland,1992,FIN,5042099.0,122116751360.0,17.648,65.915,17.117,8.477,40.322,16.437,12.893,0.002,0.001,65384.504,
Finland,1993,FIN,5066547.0,121309306880.0,17.067,66.082,19.388,8.679,38.016,16.851,11.395,0.003,0.001,65628.68,
Finland,1994,FIN,5088409.0,126178680832.0,15.338,69.035,22.459,9.113,37.462,15.627,9.481,0.006,0.001,68593.414,
Finland,1995,FIN,5107865.0,131585998848.0,17.208,66.559,20.863,9.938,35.757,16.233,10.918,0.009,0.001,65142.602,
Finland,1996,FIN,5124663.0,136506130432.0,14.945,69.318,23.778,9.945,35.596,15.736,9.583,0.009,0.001,67805.195,
Finland,1997,FIN,5139877.0,145148149760.0,16.853,66.489,22.224,9.655,34.61,16.658,9.76,0.014,0.001,68558.219,
Finland,1998,FIN,5153506.0,153138905088.0,19.755,63.365,17.669,10.716,34.98,16.88,11.626,0.018,0.001,70678.953,
Finland,1999,FIN,5165470.0,160063700992.0,17.504,64.413,17.445,10.932,36.037,18.083,10.059,0.039,0.001,69141.664,
Finland,2000,FIN,5176146.0,169209757696.0,19.163,63.226,16.451,11.116,35.659,17.612,11.486,0.061,0.001,69377.836,246.677
Finland,2001,FIN,5187921.0,173703954432.0,17.238,65.418,19.434,11.789,34.196,17.344,10.057,0.053,0.001,70720.75,284.755
Finland,2002,FIN,5200499.0,176751493120.0,15.842,67.417,20.992,11.637,34.787,16.741,8.092,0.048,0.001,70910.141,316.07
Finland,2003,FIN,5212916.0,180408467456.0,14.248,69.923,24.431,12.012,33.48,15.83,6.679,0.065,0.001,75759.461,371.262
Finland,2004,FIN,5228095.0,187633926144.0,18.999,65.163,22.095,11.649,31.419,15.838,10.507,0.084,0.002,75219.359,325.256
Finland,2005,FIN,5246037.0,192990740480.0,19.045,63.238,15.625,11.734,35.878,17.718,10.495,0.129,0.002,68155.766,230.726
Finland,2006,FIN,5266198.0,200966848512.0,17.117,66.744,22.703,11.668,32.373,16.139,8.098,0.11,0.002,72825.258,335.642
Finland,2007,FIN,5288666.0,211541393408.0,18.351,65.162,21.531,10.84,32.791,16.487,9.979,0.133,0.003,72266.32,308.981
Finland,2008,FIN,5313334.0,213226094592.0,21.795,61.54,17.069,11.522,32.949,16.665,12.422,0.189,0.003,69352.977,246.154
Finland,2009,FIN,5338800.0,195739123712.0,18.615,63.074,18.531,11.085,33.459,18.311,9.874,0.215,0.003,63925.922,276.02
Finland,2010,FIN,5363304.0,201746022400.0,19.122,64.696,21.509,11.255,31.932,16.181,9.171,0.209,0.003,69227.961,314.732
Finland,2011,FIN,5388186.0,207084306432.0,20.478,62.145,18.548,10.449,33.148,17.377,9.327,0.361,0.004,64942.621,268.163
Finland,2012,FIN,5413924.0,204190203904.0,24.392,57.955,15.644,9.518,32.793,17.653,12.947,0.38,0.004,62885.762,215.168
Finland,2013,FIN,5439027.0,202349019136.0,22.15,59.954,17.205,8.806,33.942,17.897,9.733,0.587,0.005,62842.215,257.508
Finland,2014,FIN,5461629.0,201610625024.0,24.195,57.363,15.991,8.163,33.21,18.442,10.478,0.866,0.006,60389.109,226.285
Finland,2015,FIN,5479664.0,202706714624.0,27.515,54.312,13.713,7.065,33.534,18.173,13.11,1.82,0.009,60020.715,181.898
Finland,2016,FIN,5495422.0,208405725184.0,25.935,56.339,15.482,6.104,34.752,17.726,12.07,2.344,0.017,60793.027,199.418
Finland,2017,FIN,5508354.0,215058874368.0,27.99,54.561,14.484,5.69,34.387,17.449,11.467,3.722,0.038,59403.574,185.871
Finland,2018,FIN,5515685.0,217509953536.0,27.99,54.764,14.868,6.391,33.504,17.246,10.064,4.418,0.068,60525.75,192.937
Finland,2019,FIN,5521713.0,220173893632.0,28.591,53.049,12.755,6.323,33.972,18.36,9.553,4.634,0.113,59219.215,171.112
Finland,2020,FIN,5529559.0,214988898304.0,32.588,48.75,10.199,6.723,31.827,18.662,12.727,6.615,0.175,56776.664,130.127
Finland,2021,FIN,5541019.0,221538484224.0,35.036,46.498,10.796,6.582,29.12,18.466,12.357,6.657,0.233,57855.254,135.487
Finland,2022,FIN,5569254.0,226154840064.0,34.897,45.3,10.582,3.393,31.325,19.803,10.545,9.397,0.307,57499.898,129.832
Finland,2023,FIN,5601133.0,,35.888,38.493,7.673,3.561,27.259,25.619,11.351,11.233,0.535,59656.23,81.44
Finland,2024,FIN,5617271.0,,38.894,36.773,6.394,3.872,26.506,24.333,10.678,15.405,0.955,59565.18,72.249
France,1990,FRA,56990186.0,1636207689728.0,5.936,60.78,8.79,11.55,40.44,33.283,5.708,0.0,0.0,46496.133,
France,1991,FRA,57271510.0,1654070181888.0,5.941,61.234,8.711,11.829,40.694,32.825,5.706,0.0,0.0,49486.664,
France,1992,FRA,57554812.0,1681416912896.0,7.019,59.705,7.653,11.716,40.337,33.276,6.78,0.0,0.0,49655.984,
France,1993,FRA,57801206.0,1671995850752.0,6.624,57.11,6.041,12.004,39.065,36.266,6.392,0.0,0.0,49374.199,
France,1994,FRA,57999814.0,1712086450176.0,8.129,56.017,6.055,11.587,38.375,35.853,7.848,0.0,0.0,48702.906,
France,1995,FRA,58192155.0,1748659601408.0,7.396,56.073,6.271,11.992,37.81,36.531,7.081,0.0,0.0,49907.035,
France,1996,FRA,58380593.0,1773843120128.0,6.506,56.414,6.352,12.771,37.291,37.08,6.163,0.001,0.0,51598.453,
France,1997,FRA,58568614.0,1816394858496.0,6.447,56.065,5.672,12.437,37.956,37.488,6.044,0.001,0.0,50635.984,
France,1998,FRA,58778760.0,1882050265088.0,6.12,57.988,6.556,12.941,38.49,35.892,5.744,0.002,0.0,51672.098,
France,1999,FRA,59084162.0,1949849354240.0,7.02,56.971,5.804,13.028,38.139,36.009,6.623,0.003,0.0,52095.453,
France,2000,FRA,59483672.0,2031676030976.0,6.409,56.16,5.555,13.501,37.104,37.43,5.983,0.004,0.0,52416.219,79.766
France,2001,FRA,59905084.0,2077786767360.0,7.072,55.477,4.637,14.06,36.78,37.451,6.605,0.012,0.001,52467.105,68.633
France,2002,FRA,60327203.0,2107316502528.0,5.879,55.284,5.017,14.149,36.117,38.837,5.371,0.024,0.001,51700.051,75.212
France,2003,FRA,60741072.0,2130940657664.0,5.675,55.765,5.256,14.671,35.838,38.56,5.153,0.034,0.001,51909.551,80.858
France,2004,FRA,61175198.0,2196883505152.0,5.684,55.689,5.015,14.847,35.827,38.627,5.132,0.051,0.001,51983.973,77.185
France,2005,FRA,61624978.0,2238790500352.0,5.122,55.947,5.219,15.304,35.424,38.932,4.439,0.083,0.001,51181.828,85.533
France,2006,FRA,62049790.0,2297018187776.0,5.702,55.382,4.862,14.898,35.622,38.916,4.867,0.189,0.001,50426.129,76.573
France,2007,FRA,62432388.0,2354672041984.0,6.356,55.193,5.114,14.717,35.361,38.451,5.037,0.356,0.002,49265.93,80.112
France,2008,FRA,62780134.0,2362451689472.0,7.319,54.63,4.838,15.223,34.568,38.052,5.512,0.493,0.004,49137.273,76.034
France,2009,FRA,63106403.0,2295353049088.0,7.409,55.186,4.473,15.558,35.154,37.405,5.203,0.722,0.016,46095.328,75.595
France,2010,FRA,63417312.0,2342490472448.0,7.882,54.455,4.662,16.728,33.064,37.663,5.512,0.874,0.054,47325.102,78.562
France,2011,FRA,63733716.0,2393401982976.0,6.93,53.03,4.323,15.029,33.677,40.04,4.059,1.137,0.188,45465.883,74.623
France,2012,FRA,64058423.0,2400896417792.0,8.714,52.932,4.812,15.547,32.574,38.353,5.3,1.389,0.362,45190.91,77.593
France,2013,FRA,64387684.0,2414733688832.0,9.857,52.58,5.065,15.649,31.866,37.563,6.281,1.453,0.42,45428.77,76.272
France,2014,FRA,64692449.0,2437822808064.0,9.885,49.861,3.886,13.74,32.236,40.254,5.794,1.623,0.545,43247.43,52.198
France,2015,FRA,64916292.0,2464953663488.0,9.568,50.689,3.671,14.625,32.394,39.742,4.957,1.979,0.66,43493.348,59.149
France,2016,FRA,65086802.0,2491956330496.0,10.362,52.511,3.647,16.32,32.544,37.127,5.518,2.001,0.752,42506.27,68.606
France,2017,FRA,65284727.0,2549057585152.0,9.803,53.594,4.008,16.453,33.134,36.602,4.499,2.3,0.836,42218.59,78.263
France,2018,FRA,65519483.0,2596599234560.0,11.513,51.165,3.641,15.564,31.96,37.322,5.777,2.63,0.933,42589.297,59.924
France,2019,FRA,65729405.0,2644453883904.0,11.754,51.566,2.95,16.216,32.4,36.681,5.151,3.246,1.071,41554.422,59.788
France,2020,FRA,65905226.0,2438594035712.0,13.972,49.74,2.325,16.856,30.558,36.288,6.328,4.158,1.304,37087.582,59.08
France,2021,FRA,66083491.0,2604822691840.0,12.914,50.611,2.932,16.802,30.877,36.475,5.639,3.604,1.431,39307.254,59.787
France,2022,FRA,66277365.0,2671568748544.0,13.726,54.471,2.828,16.972,34.671,31.803,4.777,4.193,2.066,34796.07,78.55
France,2023,FRA,66438774.0,,15.867,49.289,2.079,14.386,32.825,34.844,5.741,5.295,2.196,36221.523,55.275
France,2024,FRA,66548479.0,,16.465,46.136,1.99,12.884,31.262,37.399,6.97,4.634,2.279,37865.637,44.179
Germany,1990,DEU,79707913.0,2015547490304.0,1.264,88.603,36.593,15.235,36.775,10.133,1.152,0.005,0.0,52600.066,
Germany,1991,DEU,80303142.0,2141316317184.0,1.202,88.76,32.94,16.406,39.413,10.038,1.079,0.007,0.0,50940.008,
Germany,1992,DEU,80934859.0,2204952428544.0,1.438,87.524,30.39,16.556,40.578,11.038,1.295,0.019,0.0,49537.836,
Germany,1993,DEU,81486723.0,2206290935808.0,1.498,87.786,28.797,17.596,41.392,10.717,1.324,0.042,0.0,48983.766,
Germany,1994,DEU,81773563.0,2283952930816.0,1.646,87.697,28.201,18.089,41.408,10.657,1.423,0.064,0.0,48355.141,
Germany,1995,DEU,82019850.0,2347761139712.0,1.788,87.406,26.606,19.624,41.176,10.806,1.512,0.105,0.0,48461.379,
Germany,1996,DEU,82263144.0,2391519789056.0,1.593,87.437,25.643,21.257,40.536,10.97,1.277,0.138,0.0,49911.121,
Germany,1997,DEU,82389580.0,2461046145024.0,1.709,86.577,25.175,20.576,40.826,11.714,1.303,0.204,0.001,49195.383,
Germany,1998,DEU,82011883.0,2535903723520.0,1.868,86.926,24.778,20.937,41.21,11.207,1.318,0.311,0.001,49012.793,
Germany,1999,DEU,81678226.0,2613176696832.0,2.112,85.928,24.201,21.177,40.55,11.96,1.455,0.389,0.001,48526.523,
Germany,2000,DEU,81797200.0,2718560681984.0,2.738,85.4,24.979,20.879,39.541,11.862,1.742,0.664,0.0,48756.914,573.126
Germany,2001,DEU,81933833.0,2793372909568.0,2.798,85.509,24.586,21.609,39.314,11.694,1.584,0.717,0.007,49586.344,565.447
Germany,2002,DEU,82068282.0,2822441533440.0,3.365,85.327,24.966,21.86,38.501,11.307,1.626,1.084,0.014,48882.746,569.566
Germany,2003,DEU,82111559.0,2831676080128.0,3.477,85.262,25.381,22.128,37.753,11.262,1.25,1.302,0.021,48841.734,569.955
Germany,2004,DEU,82092658.0,2894624980992.0,4.316,84.342,24.753,22.251,37.338,11.342,1.408,1.766,0.038,48845.941,554.659
Germany,2005,DEU,82046684.0,2945460994048.0,4.992,83.893,23.974,22.894,37.025,11.114,1.339,1.893,0.089,48297.324,546.271
Germany,2006,DEU,81701921.0,3086359199744.0,5.797,83.134,24.325,22.76,36.049,11.069,1.325,2.072,0.15,49722.051,536.163
Germany,2007,DEU,81298499.0,3220275724288.0,7.37,82.981,26.032,22.884,34.065,9.65,1.454,2.781,0.215,47890.469,551.783
Germany,2008,DEU,81110734.0,3289020366848.0,7.523,82.445,23.814,22.874,35.756,10.033,1.379,2.791,0.304,48509.809,525.408
Germany,2009,DEU,80935222.0,3136502104064.0,8.147,82.208,22.722,22.995,36.491,9.645,1.36,2.818,0.48,45618.93,521.549
Germany,2010,DEU,80830868.0,3301123031040.0,8.465,81.963,23.434,23.029,35.5,9.571,1.427,2.625,0.815,47595.078,516.637
Germany,2011,DEU,80857831.0,3467712921600.0,10.168,82.246,24.701,21.929,35.616,7.586,1.242,3.503,1.405,45890.234,529.669
Germany,2012,DEU,80916339.0,3482225475584.0,11.46,81.681,25.048,21.704,34.93,6.859,1.5,3.564,1.844,46491.43,534.164
Germany,2013,DEU,81041525.0,3497463119872.0,11.603,81.92,25.075,22.117,34.728,6.476,1.531,3.511,2.038,47735.0,538.027
Germany,2014,DEU,81376036.0,3574741336064.0,12.84,80.45,25.138,20.063,35.249,6.71,1.353,4.041,2.449,45596.527,521.681
Germany,2015,DEU,82077498.0,3628073746432.0,14.318,79.486,24.398,20.518,34.57,6.196,1.281,5.442,2.57,46064.512,503.591
Germany,2016,DEU,82760053.0,3708980035584.0,14.101,80.318,23.354,22.276,34.689,5.58,1.355,5.27,2.476,46416.73,498.301
Germany,2017,DEU,83103956.0,3808389496832.0,15.388,79.739,21.349,22.408,35.983,4.873,1.287,6.748,2.475,47525.484,469.711
Germany,2018,DEU,83368456.0,3845758648320.0,16.263,78.776,21.167,22.527,35.082,4.961,1.155,7.177,2.893,46125.523,454.545
Germany,2019,DEU,83559127.0,3886392803328.0,17.811,77.188,16.799,24.029,36.36,5.001,1.314,8.387,3.012,44922.723,392.491
Germany,2020,DEU,83628661.0,3742720851968.0,20.017,75.39,14.877,25.169,35.344,4.593,1.307,9.425,3.531,41838.707,355.659
Germany,2021,DEU,83697031.0,3841041629184.0,18.082,77.14,17.452,25.742,33.946,4.778,1.359,7.924,3.41,42994.266,394.848
Germany,2022,DEU,84086176.0,3909612732416.0,20.329,77.177,18.764,22.099,36.314,2.494,1.266,8.967,4.332,41094.148,420.107
Germany,2023,DEU,84548184.0,,23.603,75.836,15.525,23.187,37.124,0.561,1.546,11.013,4.962,37598.512,371.311
Germany,2024,DEU,84552190.0,,23.968,76.032,13.88,24.886,37.265,0.0,1.716,10.727,5.727,37792.531,344.14
India,1990,IND,864972170.0,1750992945152.0,8.068,91.155,55.76,5.066,30.329,0.776,8.06,0.004,0.0,2659.856,
India,1991,IND,883927551.0,1768493547520.0,8.531,90.846,56.249,5.348,29.249,0.623,8.506,0.013,0.0,2746.45,
India,1992,IND,902957019.0,1851711422464.0,7.687,91.613,56.629,5.683,29.301,0.7,7.663,0.01,0.0,2827.125,
India,1993,IND,922118324.0,1944353767424.0,7.588,91.747,57.224,5.634,28.89,0.664,7.548,0.01,0.0,2837.215,
India,1994,IND,941163717.0,2055026769920.0,8.187,91.312,56.056,5.782,29.473,0.501,8.125,0.019,0.0,2929.481,
India,1995,IND,960300991.0,2189535739904.0,7.258,92.025,55.329,6.13,30.565,0.717,7.151,0.047,0.0,3085.614,
India,1996,IND,979678413.0,2345228828672.0,6.408,92.831,54.7,6.43,31.701,0.761,6.251,0.08,0.001,3145.554,
India,1997,IND,999133716.0,2426804895744.0,6.202,92.934,54.202,6.624,32.108,0.864,6.022,0.085,0.001,3254.829,
India,1998,IND,1018665024.0,2567853047808.0,6.971,92.109,52.822,6.857,32.43,0.92,6.766,0.087,0.0,3386.291,
India,1999,IND,1038225772.0,2710352953344.0,6.735,92.264,50.89,6.833,34.541,1.001,6.471,0.114,0.0,3415.792,
India,2000,IND,1057922676.0,2804478640128.0,6.042,92.778,51.51,6.836,34.432,1.181,5.764,0.118,0.001,3521.43,740.037
India,2001,IND,1077898527.0,2940745547776.0,5.693,92.907,51.707,6.823,34.376,1.4,5.339,0.155,0.001,3470.525,747.394
India,2002,IND,1097600334.0,3024984473600.0,5.218,93.408,52.188,6.885,34.335,1.375,4.869,0.148,0.001,3526.61,755.757
India,2003,IND,1116802952.0,3251114344448.0,5.144,93.619,52.767,7.116,33.736,1.237,4.727,0.178,0.001,3589.451,757.996
India,2004,IND,1135991467.0,3495022821376.0,6.887,91.784,51.777,7.078,32.929,1.329,6.294,0.327,0.001,3831.588,723.794
India,2005,IND,1154676277.0,3752627535872.0,6.359,92.603,53.522,7.48,31.6,1.038,5.707,0.351,0.001,3991.09,734.032
India,2006,IND,1172878840.0,4069856116736.0,7.134,91.891,52.764,7.424,31.702,0.976,6.231,0.517,0.0,4139.274,723.023
India,2007,IND,1190675980.0,4403214942208.0,7.276,91.819,53.199,7.4,31.22,0.904,6.217,0.592,0.003,4425.184,717.869
India,2008,IND,1207930907.0,4649547988992.0,6.712,92.564,54.401,7.201,30.962,0.724,5.472,0.683,0.003,4616.596,733.079
India,2009,IND,1225524711.0,4993478819840.0,5.965,93.296,54.78,8.231,30.284,0.74,4.678,0.716,0.003,4886.388,743.893
India,2010,IND,1243481513.0,5361371185152.0,6.057,92.977,53.804,9.474,29.7,0.966,4.55,0.814,0.005,5024.514,738.818
India,2011,IND,1261224903.0,5720693014528.0,6.967,91.76,53.049,9.193,29.518,1.273,5.203,0.946,0.033,5222.708,721.296
India,2012,IND,1278674446.0,6052427857920.0,6.208,92.556,54.809,8.06,29.687,1.236,4.318,1.023,0.078,5425.75,741.208
India,2013,IND,1295829456.0,6424470487040.0,6.75,92.056,56.22,6.873,28.962,1.194,4.733,1.076,0.123,5527.781,736.664
India,2014,IND,1312277131.0,6875186200576.0,6.829,92.013,57.755,6.365,27.893,1.158,4.641,1.117,0.164,5831.643,741.503
India,2015,IND,1328024445.0,7391521275904.0,6.357,92.41,57.121,6.081,29.207,1.234,4.298,1.054,0.228,5943.03,745.783
India,2016,IND,1343944244.0,8057466126336.0,6.37,92.473,55.748,6.172,30.553,1.157,3.925,1.327,0.373,6148.214,749.147
India,2017,IND,1359657354.0,8550029459456.0,6.793,92.111,55.505,6.28,30.326,1.096,3.983,1.542,0.655,6304.288,739.8
India,2018,IND,1374659017.0,9173200797696.0,7.307,91.616,55.213,6.428,29.975,1.077,3.858,1.663,1.033,6593.17,735.122
India,2019,IND,1389030252.0,9595463401472.0,8.108,90.681,54.029,6.417,30.236,1.211,4.35,1.697,1.277,6682.068,714.876
India,2020,IND,1402617645.0,8945313775616.0,8.893,89.847,53.92,6.903,29.024,1.26,4.629,1.706,1.707,6268.437,702.429
India,2021,IND,1414203840.0,9801620783104.0,8.657,90.204,56.372,6.569,27.264,1.139,4.165,1.766,1.821,6749.358,709.881
India,2022,IND,1425423157.0,10476248367104.0,9.421,89.444,55.589,5.823,28.033,1.135,4.3,1.72,2.393,7057.187,702.81
India,2023,IND,1438069540.0,,8.861,90.047,56.992,5.761,27.295,1.092,3.385,1.86,2.63,7529.441,713.013
India,2024,IND,1450935728.0,,9.146,89.67,56.578,6.233,26.86,1.183,3.386,1.764,2.958,7812.928,708.322
Indonesia,1990,IDN,183501051.0,718548893696.0,3.597,96.403,6.639,28.653,61.111,0.0,3.009,0.0,0.0,3270.711,
Indonesia,1991,IDN,186778184.0,786440060928.0,3.661,96.339,6.177,30.324,59.838,0.0,3.157,0.0,0.0,3495.796,
Indonesia,1992,IDN,190043693.0,841780428800.0,4.219,95.781,6.87,30.135,58.776,0.0,3.745,0.0,0.0,3772.082,
Indonesia,1993,IDN,193305126.0,912702701568.0,3.686,96.314,7.514,29.99,58.81,0.0,3.239,0.0,0.0,3951.487,
Indonesia,1994,IDN,196591779.0,986200276992.0,3.404,96.596,7.176,33.91,55.509,0.0,2.776,0.0,0.0,4067.55,
Indonesia,1995,IDN,199888001.0,1072204283904.0,3.445,96.555,7.255,32.847,56.453,0.0,2.65,0.0,0.0,4353.858,
Indonesia,1996,IDN,203204307.0,1161281404928.0,3.415,96.585,8.065,31.892,56.628,0.0,2.629,0.0,0.0,4592.159,
Indonesia,1997,IDN,206536049.0,1221454594048.0,2.451,97.549,9.159,30.631,57.759,0.0,1.609,0.0,0.0,4903.237,
Indonesia,1998,IDN,209826738.0,1066065657856.0,3.927,96.073,10.005,30.06,56.009,0.0,2.894,0.0,0.0,4744.719,
Indonesia,1999,IDN,213004610.0,1079382507520.0,3.788,96.212,12.609,29.912,53.692,0.0,2.654,0.0,0.0,5103.109,
Indonesia,2000,IDN,216077748.0,1138300157952.0,3.699,96.301,13.153,28.36,54.789,0.0,2.391,0.0,0.0,5387.87,630.661
Indonesia,2001,IDN,219097854.0,1185220919296.0,4.096,95.904,15.59,27.385,52.929,0.0,2.583,0.0,0.0,5690.084,626.036
Indonesia,2002,IDN,222088455.0,1244249980928.0,3.647,96.353,15.645,28.959,51.75,0.0,2.124,0.0,0.0,5768.059,643.489
Indonesia,2003,IDN,225047958.0,1309811277824.0,3.195,96.805,19.328,28.413,49.064,0.0,1.781,0.0,0.0,6183.917,656.53
Indonesia,2004,IDN,227926604.0,1387446403072.0,3.415,96.585,17.959,26.282,52.343,0.0,1.903,0.0,0.0,6040.208,653.711
Indonesia,2005,IDN,230871600.0,1474875359232.0,3.494,96.506,20.018,25.674,50.814,0.0,2.034,0.0,0.0,6137.143,650.538
Indonesia,2006,IDN,233951608.0,1565012918272.0,3.234,96.766,22.938,25.734,48.094,0.0,1.784,0.0,0.0,6159.938,668.116
Indonesia,2007,IDN,237062283.0,1674227351552.0,3.374,96.626,26.965,22.383,47.278,0.0,1.939,0.0,0.0,6524.364,663.14
Indonesia,2008,IDN,240157845.0,1809491165184.0,3.62,96.38,23.374,25.345,47.661,0.0,1.942,0.0,0.0,6514.817,652.983
Indonesia,2009,IDN,243219975.0,1905717411840.0,3.736,96.264,23.506,26.158,46.601,0.0,1.856,0.001,0.0,6608.301,660.588
Indonesia,2010,IDN,246305285.0,2039334567936.0,4.417,95.583,24.679,25.303,45.601,0.0,2.611,0.001,0.0,7062.332,636.855
Indonesia,2011,IDN,249469983.0,2178184511488.0,3.554,96.446,26.971,23.226,46.249,0.0,1.749,0.001,0.0,7365.992,667.396
Indonesia,2012,IDN,252698471.0,2309530058752.0,3.577,96.423,26.072,24.219,46.132,0.0,1.701,0.001,0.0,7665.838,687.5
Indonesia,2013,IDN,255852410.0,2437876809728.0,4.534,95.466,24.132,23.974,47.36,0.0,2.37,0.0,0.001,7131.106,682.299
Indonesia,2014,IDN,258877350.0,2559933415424.0,4.708,95.292,25.227,23.735,46.33,0.0,2.075,0.0,0.001,7171.867,691.589
Indonesia,2015,IDN,261799196.0,2684764028928.0,4.003,95.997,28.02,24.701,43.276,0.0,1.831,0.0,0.001,7243.953,696.276
Indonesia,2016,IDN,264627382.0,2819890085888.0,5.81,94.19,28.845,23.324,42.021,0.0,2.487,0.001,0.003,7120.308,689.031
Indonesia,2017,IDN,267346608.0,2962852151296.0,5.518,94.482,27.915,24.636,41.931,0.0,2.297,0.0,0.004,7569.617,688.448
Indonesia,2018,IDN,269951801.0,3116158943232.0,8.029,91.971,30.706,20.186,41.078,0.0,2.52,0.022,0.011,7896.083,684.062
Indonesia,2019,IDN,272489333.0,3272567947264.0,8.613,91.387,35.484,18.034,37.87,0.0,2.32,0.053,0.013,8271.659,693.813
Indonesia,2020,IDN,274814825.0,3204972544000.0,10.644,89.356,36.086,17.757,35.513,0.0,2.832,0.055,0.02,7700.859,685.046
Indonesia,2021,IDN,276758010.0,3323654569984.0,11.076,88.924,34.668,18.521,35.735,0.0,2.763,0.049,0.022,7937.189,684.219
Indonesia,2022,IDN,278830479.0,3500093472768.0,10.208,89.792,44.172,14.463,31.157,0.0,2.435,0.032,0.04,9859.906,675.931
Indonesia,2023,IDN,281190021.0,,10.695,89.305,43.004,15.571,30.73,0.0,2.149,0.042,0.062,9904.814,682.43
Indonesia,2024,IDN,283487881.0,,10.954,89.046,43.848,15.807,29.391,0.0,2.16,0.039,0.075,10528.603,
Iran,1990,IRN,58380046.0,318478254080.0,2.531,97.469,1.02,28.148,68.301,0.0,2.531,0.0,0.0,13896.582,
Iran,1991,IRN,59986887.0,376283103232.0,1.771,98.229,1.341,30.176,66.712,0.0,1.771,0.0,0.0,14673.686,
Iran,1992,IRN,61184930.0,424984707072.0,2.631,97.369,1.069,31.405,64.896,0.0,2.631,0.0,0.0,15909.536,
Iran,1993,IRN,61403494.0,419990110208.0,3.255,96.745,1.42,18.371,76.953,0.0,3.255,0.0,0.0,14669.332,
Iran,1994,IRN,61520555.0,419488432128.0,1.901,98.099,1.272,25.911,70.916,0.0,1.901,0.0,0.0,16396.879,
Iran,1995,IRN,62205523.0,437566111744.0,2.188,97.812,1.136,30.165,66.51,0.0,2.188,0.0,0.0,17007.24,
Iran,1996,IRN,62881242.0,483475488768.0,2.13,97.87,1.093,32.611,64.167,0.0,2.13,0.0,0.0,18302.49,
Iran,1997,IRN,63639588.0,512736329728.0,1.393,98.607,1.086,33.544,63.977,0.0,1.393,0.0,0.0,18638.305,
Iran,1998,IRN,64519819.0,541099753472.0,1.685,98.315,1.215,37.46,59.641,0.0,1.685,0.0,0.0,19149.26,
Iran,1999,IRN,65445344.0,563869057024.0,1.081,98.919,1.072,41.313,56.534,0.0,1.074,0.007,0.0,20346.264,
Iran,2000,IRN,66418621.0,595554533376.0,0.76,99.24,1.086,42.583,55.571,0.0,0.752,0.007,0.0,21026.754,667.449
Iran,2001,IRN,67451952.0,636570238976.0,0.77,99.23,0.997,44.611,53.623,0.0,0.763,0.006,0.0,22121.549,667.764
Iran,2002,IRN,68011265.0,698059653120.0,1.356,98.644,0.867,48.138,49.64,0.0,1.351,0.005,0.0,23913.211,651.812
Iran,2003,IRN,68769299.0,779969691648.0,1.584,98.416,0.922,48.52,48.974,0.0,1.579,0.005,0.0,24083.342,648.994
Iran,2004,IRN,70256267.0,849441914880.0,1.774,98.226,0.873,50.962,46.391,0.0,1.767,0.007,0.0,26075.365,641.558
Iran,2005,IRN,71828417.0,908856000512.0,2.014,97.986,0.934,50.082,46.97,0.0,2.004,0.01,0.0,27012.984,636.302
Iran,2006,IRN,73392696.0,995245162496.0,2.353,97.647,0.825,49.967,46.854,0.0,2.338,0.016,0.0,28889.395,624.722
Iran,2007,IRN,74602596.0,1098784571392.0,2.139,97.861,0.809,52.668,44.385,0.0,2.122,0.017,0.0,30213.311,630.859
Iran,2008,IRN,75514155.0,1132365742080.0,0.867,99.133,0.618,54.17,44.345,0.0,0.845,0.022,0.0,30767.311,662.359
Iran,2009,IRN,76457779.0,1208128372736.0,0.767,99.233,0.389,56.681,42.163,0.0,0.742,0.025,0.0,31119.002,666.832
Iran,2010,IRN,77420793.0,1310507008000.0,1.106,98.894,0.544,58.776,39.574,0.0,1.087,0.018,0.0,31753.65,661.236
Iran,2011,IRN,78383547.0,1345049329664.0,1.109,98.88,0.538,60.022,38.32,0.011,1.084,0.022,0.0,32584.869,654.06
Iran,2012,IRN,79370525.0,1324570771456.0,1.284,98.57,0.414,59.318,38.838,0.145,1.253,0.028,0.0,32428.113,648.348
Iran,2013,IRN,80414625.0,1287095582720.0,1.423,98.169,0.332,57.583,40.254,0.407,1.4,0.021,0.0,33255.691,633.624
Iran,2014,IRN,81501999.0,1352736964608.0,1.349,98.279,0.379,62.275,35.625,0.372,1.325,0.018,0.0,34196.27,644.161
Iran,2015,IRN,82619310.0,1331012173824.0,1.23,98.449,0.46,66.66,31.329,0.321,1.215,0.013,0.0,33441.367,650.835
Iran,2016,IRN,83812175.0,1413723717632.0,1.344,98.098,0.362,67.29,30.447,0.558,1.328,0.013,0.0,34845.262,642.133
Iran,2017,IRN,85026715.0,1486668300288.0,1.462,97.962,0.397,67.871,29.694,0.576,1.426,0.026,0.007,35561.852,641.675
Iran,2018,IRN,86117959.0,1483607244800.0,0.864,98.587,0.508,68.158,29.921,0.549,0.784,0.06,0.018,36251.902,657.884
Iran,2019,IRN,87051599.0,1438754537472.0,2.641,96.877,0.575,66.357,29.945,0.482,2.547,0.054,0.038,37875.254,607.815
Iran,2020,IRN,87723397.0,1446203752448.0,1.802,97.74,0.626,69.288,27.826,0.457,1.677,0.081,0.042,39001.859,632.81
Iran,2021,IRN,88455443.0,1525523152896.0,1.14,98.602,0.601,68.053,29.949,0.258,1.01,0.083,0.045,38159.289,659.97
Iran,2022,IRN,89524192.0,1572209033216.0,1.112,98.425,0.617,68.646,29.162,0.463,0.987,0.08,0.044,38985.211,655.171
Iran,2023,IRN,90608663.0,,1.68,97.87,0.503,68.651,28.716,0.451,1.549,0.082,0.046,39688.301,641.732
Iran,2024,IRN,91567679.0,,1.433,98.068,0.514,68.425,29.128,0.5,1.284,0.085,0.061,39203.637,641.936
Japan,1990,JPN,123399717.0,3699821510656.0,5.368,84.152,17.601,9.757,56.793,10.481,4.681,0.0,0.0,42012.133,
Japan,1991,JPN,123889808.0,3824677552128.0,5.6,83.532,16.882,9.974,56.676,10.868,4.917,0.0,0.0,43292.566,
Japan,1992,JPN,124383659.0,3856515727360.0,4.805,84.028,16.397,10.245,57.386,11.167,4.118,0.0,0.001,43625.453,
Japan,1993,JPN,124839901.0,3860865220608.0,5.348,82.109,16.458,10.153,55.497,12.543,4.688,0.0,0.001,44192.43,
Japan,1994,JPN,125286818.0,3893220605952.0,3.887,83.509,16.609,10.465,56.435,12.604,3.146,0.0,0.001,45642.445,
Japan,1995,JPN,125672604.0,3997430972416.0,4.483,81.966,16.662,10.308,54.996,13.551,3.722,0.0,0.002,47042.117,
Japan,1996,JPN,125975260.0,4118875209728.0,4.371,81.898,16.765,10.783,54.35,13.731,3.574,0.0,0.003,47861.891,
Japan,1997,JPN,126265874.0,4160709459968.0,4.773,80.632,16.899,10.983,52.75,14.595,3.928,0.0,0.004,48682.707,
Japan,1998,JPN,126549132.0,4111245246464.0,4.961,79.983,16.373,11.5,52.111,15.055,4.114,0.0,0.007,47805.0,
Japan,1999,JPN,126801516.0,4098283012096.0,4.664,80.914,16.955,11.889,52.07,14.422,3.809,0.002,0.01,48453.77,
Japan,2000,JPN,127027758.0,4209652006912.0,4.603,81.144,17.858,12.166,51.12,14.254,3.773,0.005,0.015,49228.012,424.427
Japan,2001,JPN,127260090.0,4224163250176.0,4.508,81.102,18.48,12.632,49.989,14.39,3.66,0.011,0.022,48606.785,424.017
Japan,2002,JPN,127484547.0,4226576285696.0,4.514,81.446,19.698,12.401,49.347,14.04,3.601,0.018,0.031,48365.836,433.726
Japan,2003,JPN,127671194.0,4288493387776.0,5.098,84.68,20.238,13.614,50.828,10.222,4.108,0.037,0.042,48271.754,476.318
Japan,2004,JPN,127815728.0,4380398190592.0,5.023,82.513,20.499,12.969,49.045,12.464,3.997,0.063,0.055,48875.883,450.263
Japan,2005,JPN,127913277.0,4450600615936.0,4.52,83.02,21.113,13.085,48.822,12.46,3.298,0.081,0.069,49673.781,461.802
Japan,2006,JPN,127997206.0,4514225061888.0,5.011,82.081,20.818,14.049,47.214,12.909,3.767,0.091,0.085,49501.879,447.245
Japan,2007,JPN,128087633.0,4590814101504.0,4.499,83.623,22.049,15.27,46.304,11.878,3.172,0.117,0.098,48993.184,470.193
Japan,2008,JPN,128155949.0,4542408163328.0,4.561,84.603,23.081,16.167,45.354,10.837,3.236,0.127,0.112,48051.492,485.224
Japan,2009,JPN,128192428.0,4298103324672.0,4.756,82.359,21.217,16.531,44.611,12.886,3.306,0.161,0.143,43858.535,460.207
Japan,2010,JPN,128185219.0,4480295763968.0,5.404,81.799,22.738,16.798,42.263,12.797,3.874,0.172,0.174,46675.965,446.663
Japan,2011,JPN,128096387.0,4468738359296.0,5.447,87.076,22.722,19.845,44.508,7.477,3.786,0.205,0.25,44260.375,505.343
Japan,2012,JPN,127928244.0,4530172329984.0,5.379,93.793,24.184,22.004,47.605,0.828,3.549,0.218,0.339,43894.02,594.527
Japan,2013,JPN,127723595.0,4621006798848.0,5.829,93.499,25.354,22.223,45.922,0.672,3.65,0.236,0.594,43658.5,595.904
Japan,2014,JPN,127486555.0,4634693337088.0,6.604,93.396,25.597,23.044,44.754,0.0,3.841,0.236,1.107,42606.805,591.529
Japan,2015,JPN,127275819.0,4707025158144.0,7.685,92.1,26.167,22.222,43.712,0.214,4.064,0.247,1.637,42138.883,578.049
Japan,2016,JPN,127159900.0,4742508969984.0,7.593,91.565,26.46,22.075,43.029,0.842,3.784,0.254,2.064,41646.93,567.04
Japan,2017,JPN,127064637.0,4821960097792.0,8.029,90.608,26.566,21.948,42.094,1.364,3.717,0.292,2.535,42137.578,558.03
Japan,2018,JPN,126913388.0,4852985364480.0,8.65,89.042,26.204,21.867,40.97,2.309,3.808,0.346,2.878,41899.996,541.466
Japan,2019,JPN,126699371.0,4833468219392.0,8.871,87.991,26.315,20.881,40.796,3.138,3.534,0.356,3.223,41086.234,528.49
Japan,2020,JPN,126304487.0,4626661244928.0,10.457,87.329,26.488,21.705,39.136,2.213,4.032,0.433,3.908,38203.234,527.749
Japan,2021,JPN,125679288.0,4725883797504.0,10.814,86.17,27.39,20.547,38.233,3.016,3.923,0.47,4.147,40020.184,514.493
Japan,2022,JPN,124997534.0,4774494732288.0,11.154,86.285,27.488,20.037,38.76,2.561,3.703,0.466,4.504,39974.961,519.619
Japan,2023,JPN,124370893.0,,11.965,84.119,26.116,18.986,39.018,3.915,3.767,0.503,4.871,39064.852,493.585
Japan,2024,JPN,123752991.0,,12.697,82.955,26.425,19.095,37.435,4.348,4.069,0.591,4.952,38745.055,482.324
Kenya,1990,KEN,22892599.0,41570971648.0,,,,,,,,,,1326.132,
Kenya,1991,KEN,23646463.0,42852786176.0,,,,,,,,,,1159.747,
Kenya,1992,KEN,24382423.0,43098107904.0,,,,,,,,,,1237.185,
Kenya,1993,KEN,25117140.0,43754840064.0,,,,,,,,,,1230.131,
Kenya,1994,KEN,25857088.0,45663580160.0,,,,,,,,,,1220.583,
Kenya,1995,KEN,26601698.0,48490926080.0,,,,,,,,,,1261.193,
Kenya,1996,KEN,27344153.0,51489484800.0,,,,,,,,,,1279.358,
Kenya,1997,KEN,28101707.0,52761219072.0,,,,,,,,,,1152.64,
Kenya,1998,KEN,28888012.0,55518265344.0,,,,,,,,,,1256.088,
Kenya,1999,KEN,29733363.0,57993146368.0,,,,,,,,,,1201.214,
Kenya,2000,KEN,30642843.0,59408908288.0,,,,,,,,,,1350.819,403.712
Kenya,2001,KEN,31619130.0,62956470272.0,,,,,,,,,,1260.536,282.744
Kenya,2002,KEN,32629759.0,64478126080.0,,,,,,,,,,1247.105,188.35
Kenya,2003,KEN,33652182.0,67617075200.0,,,,,,,,,,1111.786,156.934
Kenya,2004,KEN,34713403.0,72070029312.0,,,,,,,,,,1188.481,228.896
Kenya,2005,KEN,35796433.0,77598826496.0,,,,,,,,,,1259.571,250.746
Kenya,2006,KEN,36903955.0,83653246976.0,,,,,,,,,,1350.321,274.301
Kenya,2007,KEN,38036301.0,91060346880.0,,,,,,,,,,1309.023,203.898
Kenya,2008,KEN,39206299.0,92971180032.0,,,,,,,,,,1288.545,214.634
Kenya,2009,KEN,40408838.0,97792491520.0,,,,,,,,,,1398.127,290.076
Kenya,2010,KEN,41598524.0,108082159616.0,,,,,,,,,,1447.066,199.721
Kenya,2011,KEN,42758431.0,117152104448.0,,,,,,,,,,1465.13,233.716
Kenya,2012,KEN,43888260.0,122504790016.0,,,,,,,,,,1354.333,179.927
Kenya,2013,KEN,44986744.0,127157518336.0,,,,,,,,,,1423.848,174.505
Kenya,2014,KEN,46051395.0,133540831232.0,,,,,,,,,,1470.021,188.043
Kenya,2015,KEN,47088485.0,140175147008.0,,,,,,,,,,1671.834,103.976
Kenya,2016,KEN,48139632.0,146082119680.0,,,,,,,,,,1743.278,108.471
Kenya,2017,KEN,49197713.0,151656611840.0,,,,,,,,,,1727.495,163.435
Kenya,2018,KEN,50207065.0,160257048576.0,,,,,,,,,,1644.682,117.699
Kenya,2019,KEN,51202787.0,168452587520.0,,,,,,,,,,1678.615,102.941
Kenya,2020,KEN,52217277.0,168031453184.0,,,,,,,,,,1565.244,71.918
Kenya,2021,KEN,53219122.0,180662403072.0,,,,,,,,,,1634.882,96.123
Kenya,2022,KEN,54252404.0,190362157056.0,,,,,,,,,,1609.948,109.568
Kenya,2023,KEN,55338953.0,,,,,,,,,,,1607.915,96.951
Kenya,2024,KEN,56432901.0,,,,,,,,,,,,84.825
Mexico,1990,MEX,82820134.0,823577477120.0,6.385,92.995,2.982,20.378,69.635,0.62,5.167,0.0,0.0,15926.942,
Mexico,1991,MEX,84430515.0,865148731392.0,5.984,93.146,2.801,20.84,69.505,0.87,4.639,0.0,0.0,16080.441,
Mexico,1992,MEX,86044763.0,902108282880.0,6.836,92.375,2.78,20.453,69.143,0.788,5.395,0.0,0.001,16085.92,
Mexico,1993,MEX,87653764.0,925343285248.0,6.828,92.18,3.133,20.497,68.55,0.991,5.358,0.0,0.001,15805.205,
Mexico,1994,MEX,89259151.0,972991954944.0,5.181,94.013,3.578,20.586,69.85,0.805,3.851,0.001,0.001,16408.895,
Mexico,1995,MEX,90862395.0,916478885888.0,6.739,91.627,4.059,21.38,66.188,1.634,5.341,0.001,0.001,15840.847,
Mexico,1996,MEX,92452649.0,971219730432.0,7.227,91.287,4.537,21.243,65.508,1.486,5.912,0.001,0.001,15974.529,
Mexico,1997,MEX,94021166.0,1045710700544.0,6.075,92.0,4.431,20.835,66.734,1.925,4.853,0.002,0.001,16088.921,
Mexico,1998,MEX,95575200.0,1105636622336.0,5.574,92.787,4.351,21.313,67.123,1.638,4.349,0.003,0.001,16470.502,
Mexico,1999,MEX,97115654.0,1156619567104.0,6.9,91.356,4.367,21.22,65.768,1.745,5.706,0.003,0.001,16447.424,
Mexico,2000,MEX,98625515.0,1241194692608.0,6.665,91.985,4.504,21.233,66.248,1.35,5.432,0.003,0.001,17198.16,525.39
Mexico,2001,MEX,100099057.0,1251502718976.0,5.91,92.653,4.991,21.588,66.074,1.438,4.686,0.003,0.001,16786.1,543.906
Mexico,2002,MEX,101548570.0,1275457961984.0,5.125,93.321,8.156,23.908,61.256,1.555,3.965,0.003,0.001,16948.561,553.423
Mexico,2003,MEX,102978472.0,1306677477376.0,4.41,93.945,5.938,25.581,62.427,1.645,3.109,0.003,0.001,16915.822,570.164
Mexico,2004,MEX,104394075.0,1373060333568.0,4.989,93.658,5.741,26.079,61.837,1.353,3.705,0.003,0.001,17662.854,553.932
Mexico,2005,MEX,105811451.0,1427140378624.0,5.005,93.556,6.614,26.129,60.812,1.44,3.692,0.003,0.001,19092.105,555.833
Mexico,2006,MEX,107253625.0,1510732333056.0,5.178,93.402,6.998,28.487,57.918,1.42,3.979,0.006,0.001,19108.309,546.81
Mexico,2007,MEX,108774308.0,1572479303680.0,4.846,93.813,6.368,27.605,59.841,1.341,3.519,0.032,0.001,19017.152,554.205
Mexico,2008,MEX,110374235.0,1607479066624.0,6.043,92.754,5.469,27.915,59.369,1.204,4.815,0.031,0.002,19512.029,522.039
Mexico,2009,MEX,111999662.0,1543820935168.0,4.559,94.138,5.662,30.812,57.664,1.303,3.316,0.074,0.003,18904.02,554.078
Mexico,2010,MEX,113623858.0,1638271418368.0,5.953,93.326,6.982,31.131,55.212,0.722,4.566,0.152,0.004,18706.051,541.931
Mexico,2011,MEX,115243459.0,1716088340480.0,5.602,93.219,7.725,31.925,53.57,1.178,4.236,0.193,0.005,19279.938,539.791
Mexico,2012,MEX,116818153.0,1774999961600.0,5.194,93.797,6.669,32.906,54.222,1.01,3.668,0.425,0.008,19191.287,550.255
Mexico,2013,MEX,118343517.0,1803059331072.0,4.834,93.819,6.618,34.734,52.466,1.347,3.193,0.478,0.012,18952.094,546.816
Mexico,2014,MEX,119784217.0,1854551097344.0,6.426,92.467,6.647,35.429,50.391,1.106,4.447,0.735,0.025,18621.6,525.599
Mexico,2015,MEX,121072270.0,1916008792064.0,5.862,92.807,6.706,36.692,49.409,1.331,3.552,1.006,0.023,18215.742,533.896
Mexico,2016,MEX,122251299.0,1961906667520.0,5.731,93.1,6.365,37.545,49.19,1.169,3.321,1.148,0.028,18618.855,537.599
Mexico,2017,MEX,123400004.0,2007719477248.0,5.77,93.06,7.6,38.562,46.898,1.17,3.319,1.142,0.128,18879.305,533.684
Mexico,2018,MEX,124573671.0,2051539206144.0,6.343,92.178,6.913,40.446,44.819,1.479,3.518,1.357,0.351,18337.248,523.92
Mexico,2019,MEX,125762928.0,2047701155840.0,6.641,92.13,6.672,42.255,43.204,1.229,2.591,1.836,1.094,17971.646,525.728
Mexico,2020,MEX,126798998.0,1880176590848.0,8.668,89.994,3.223,46.104,40.667,1.338,3.21,2.358,1.895,16329.48,486.922
Mexico,2021,MEX,127648107.0,1973140979712.0,9.538,89.121,2.518,42.899,43.703,1.342,3.906,2.371,2.272,17223.484,461.394
Mexico,2022,MEX,128613066.0,2033437638656.0,9.243,89.592,2.965,40.796,45.83,1.165,3.819,2.205,2.185,17858.705,472.586
Mexico,2023,MEX,129739713.0,,7.928,90.751,3.382,43.975,43.394,1.322,2.199,2.209,2.49,17682.668,492.335
Mexico,2024,MEX,130860954.0,,8.251,90.445,3.408,43.559,43.478,1.304,2.495,2.093,2.726,17653.783,484.832
Nigeria,1990,NGA,97120870.0,171278467072.0,,,,,,,,,,2012.135,
Nigeria,1991,NGA,99720103.0,174067597312.0,,,,,,,,,,2131.259,
Nigeria,1992,NGA,102372727.0,181866348544.0,,,,,,,,,,2130.578,
Nigeria,1993,NGA,105122021.0,188893708288.0,,,,,,,,,,2117.969,
Nigeria,1994,NGA,107935674.0,193990901760.0,,,,,,,,,,1916.444,
Nigeria,1995,NGA,110819373.0,202397614080.0,,,,,,,,,,2088.362,
Nigeria,1996,NGA,113754733.0,215950344192.0,,,,,,,,,,2086.674,
Nigeria,1997,NGA,116754744.0,227883171840.0,,,,,,,,,,2034.073,
Nigeria,1998,NGA,119846212.0,239844507648.0,,,,,,,,,,1893.687,
Nigeria,1999,NGA,123047266.0,247535173632.0,,,,,,,,,,1845.028,
Nigeria,2000,NGA,126382435.0,268133056512.0,,,,,,,,,,1704.076,411.805
Nigeria,2001,NGA,129862540.0,293371707392.0,,,,,,,,,,1880.878,411.765
Nigeria,2002,NGA,133471947.0,344836472832.0,,,,,,,,,,1880.187,412.065
Nigeria,2003,NGA,137202602.0,387284205568.0,,,,,,,,,,1946.972,420.297
Nigeria,2004,NGA,141056995.0,438814834688.0,,,,,,,,,,1961.008,442.157
Nigeria,2005,NGA,145017214.0,481797603328.0,,,,,,,,,,2102.18,444.586
Nigeria,2006,NGA,149077277.0,527631745024.0,,,,,,,,,,1838.131,481.834
Nigeria,2007,NGA,153267204.0,581001478144.0,,,,,,,,,,1643.462,481.949
Nigeria,2008,NGA,157594969.0,638908039168.0,,,,,,,,,,1969.014,482.008
Nigeria,2009,NGA,162049411.0,709931171840.0,,,,,,,,,,1211.625,508.338
Nigeria,2010,NGA,166642835.0,809999400960.0,,,,,,,,,,1445.279,499.043
Nigeria,2011,NGA,171379551.0,871103791104.0,,,,,,,,,,2022.948,515.533
Nigeria,2012,NGA,176200571.0,908380667904.0,,,,,,,,,,1987.339,527.836
Nigeria,2013,NGA,181049400.0,957382656000.0,,,,,,,,,,2503.916,535.776
Nigeria,2014,NGA,185896872.0,1017790726144.0,,,,,,,,,,2658.423,547.398
Nigeria,2015,NGA,190671830.0,1044789592064.0,,,,,,,,,,2458.866,529.696
Nigeria,2016,NGA,195443641.0,1027896705024.0,,,,,,,,,,2431.617,511.221
Nigeria,2017,NGA,200254534.0,1036180389888.0,,,,,,,,,,2297.201,500.0
Nigeria,2018,NGA,204938703.0,1056103596032.0,,,,,,,,,,2398.611,519.477
Nigeria,2019,NGA,209485583.0,1079426875392.0,,,,,,,,,,2457.389,505.76
Nigeria,2020,NGA,213996143.0,1060059217920.0,,,,,,,,,,2221.549,523.421
Nigeria,2021,NGA,218529237.0,1098721591296.0,,,,,,,,,,2345.254,522.704
Nigeria,2022,NGA,223150851.0,1134448607232.0,,,,,,,,,,2319.897,497.368
Nigeria,2023,NGA,227882899.0,,,,,,,,,,,2342.639,508.821
Nigeria,2024,NGA,232679436.0,,,,,,,,,,,,507.849
Pakistan,1990,PAK,116155530.0,290069512192.0,15.694,83.921,7.957,33.769,42.195,0.386,15.694,0.0,0.0,2630.077,
Pakistan,1991,PAK,120060354.0,311483367424.0,15.851,83.785,7.434,34.427,41.924,0.364,15.851,0.0,0.0,2696.15,
Pakistan,1992,PAK,123546809.0,327814348800.0,16.468,83.076,7.27,32.167,43.639,0.456,16.468,0.0,0.0,2752.225,
Pakistan,1993,PAK,127020068.0,338978439168.0,16.362,83.334,6.896,33.458,42.981,0.303,16.362,0.0,0.0,2962.631,
Pakistan,1994,PAK,130748025.0,356454531072.0,15.512,84.064,6.613,32.946,44.505,0.424,15.512,0.0,0.0,2978.109,
Pakistan,1995,PAK,134582195.0,376967626752.0,15.541,84.103,6.322,32.039,45.742,0.356,15.541,0.0,0.0,3051.515,
Pakistan,1996,PAK,138557040.0,391435157504.0,15.909,83.881,6.017,32.689,45.175,0.21,15.909,0.0,0.0,3157.014,
Pakistan,1997,PAK,142531747.0,402359549952.0,12.213,87.488,5.805,33.635,48.049,0.298,12.213,0.0,0.0,2966.95,
Pakistan,1998,PAK,146522306.0,419024863232.0,14.898,84.859,5.423,33.065,46.371,0.243,14.898,0.0,0.0,3097.473,
Pakistan,1999,PAK,150565328.0,440333172736.0,12.713,87.24,5.19,36.075,45.974,0.047,12.713,0.0,0.0,3146.289,
Pakistan,2000,PAK,154879070.0,459798511616.0,10.753,88.7,4.909,37.363,46.428,0.547,10.151,0.0,0.0,3123.432,499.925
Pakistan,2001,PAK,159270863.0,477964435456.0,10.829,87.999,4.978,38.544,44.477,1.172,10.275,0.0,0.0,3108.856,483.705
Pakistan,2002,PAK,163222500.0,504824725504.0,11.551,87.431,5.379,40.271,41.781,1.018,10.963,0.0,0.0,3149.745,465.62
Pakistan,2003,PAK,167110208.0,543920291840.0,12.784,86.272,5.371,46.477,34.424,0.944,12.192,0.0,0.0,3316.56,442.373
Pakistan,2004,PAK,171285944.0,592025747456.0,12.115,86.82,5.718,49.946,31.155,1.066,11.567,0.0,0.0,3613.284,461.843
Pakistan,2005,PAK,175453160.0,641139015680.0,12.98,85.947,6.049,51.289,28.608,1.073,12.98,0.0,0.0,3655.327,441.73
Pakistan,2006,PAK,179682648.0,685965639680.0,11.995,87.0,6.6,49.414,30.986,1.004,11.995,0.0,0.0,3782.374,442.982
Pakistan,2007,PAK,184493178.0,719253733376.0,11.84,87.294,7.851,47.498,31.944,0.866,11.84,0.0,0.0,3886.622,456.682
Pakistan,2008,PAK,189499072.0,746912743424.0,10.105,89.249,8.454,48.478,32.317,0.646,10.105,0.0,0.001,3792.512,459.09
Pakistan,2009,PAK,194376491.0,774880624640.0,10.194,88.904,8.786,46.869,33.249,0.902,10.19,0.0,0.003,3834.63,458.225
Pakistan,2010,PAK,199238997.0,805491507200.0,10.436,88.675,8.406,47.498,32.77,0.89,10.431,0.0,0.005,3761.662,429.659
Pakistan,2011,PAK,203746014.0,845096878080.0,10.606,88.029,7.954,47.248,32.827,1.365,10.597,0.0,0.009,3697.389,443.32
Pakistan,2012,PAK,207667068.0,878485045248.0,3.989,95.011,8.723,52.292,33.997,1.0,3.958,0.007,0.024,3379.421,431.702
Pakistan,2013,PAK,211073920.0,918328573952.0,10.559,88.025,7.917,46.227,33.881,1.416,10.461,0.05,0.048,3673.496,436.213
Pakistan,2014,PAK,214264607.0,961516797952.0,10.733,87.745,8.374,44.818,34.552,1.522,10.553,0.102,0.078,3669.798,432.768
Pakistan,2015,PAK,217290832.0,1010825297920.0,10.407,88.27,8.222,44.357,35.691,1.323,10.076,0.184,0.117,3816.6,431.776
Pakistan,2016,PAK,220138810.0,1061146787840.0,10.286,88.228,8.228,43.224,36.776,1.486,9.716,0.258,0.126,4090.316,456.957
Pakistan,2017,PAK,223273927.0,1117267165184.0,8.975,88.88,9.946,43.055,35.879,2.145,7.98,0.466,0.174,4263.788,488.493
Pakistan,2018,PAK,226928843.0,1165406502912.0,8.879,88.728,13.788,45.323,29.618,2.392,7.625,0.732,0.187,4263.364,487.521
Pakistan,2019,PAK,230800861.0,1172330119168.0,10.438,87.21,14.758,46.006,26.446,2.351,9.253,0.806,0.179,4218.509,477.98
Pakistan,2020,PAK,235001693.0,1202026446848.0,11.468,86.056,16.577,43.223,26.255,2.476,10.368,0.708,0.184,4083.672,485.431
Pakistan,2021,PAK,239477758.0,1278204968960.0,9.927,86.422,16.707,42.398,27.316,3.651,8.754,0.798,0.167,4451.4,462.908
Pakistan,2022,PAK,243700616.0,1318834929664.0,10.571,83.805,15.533,39.263,29.009,5.625,8.873,1.173,0.214,4017.64,436.584
Pakistan,2023,PAK,247504458.0,,12.266,81.644,14.459,42.202,24.983,6.09,10.468,1.193,0.351,3653.435,425.685
Pakistan,2024,PAK,251269113.0,,12.507,81.18,13.028,42.07,26.082,6.313,10.803,0.963,0.459,3535.543,398.61
Russia,1990,RUS,148979487.0,1834865131520.0,4.619,92.107,21.119,41.258,29.73,3.274,4.617,0.0,0.0,67634.164,
Russia,1991,RUS,149448388.0,1782589423616.0,4.718,91.916,19.623,42.919,29.375,3.366,4.716,0.0,0.0,66502.172,
Russia,1992,RUS,148915936.0,1557839216640.0,5.034,91.479,19.16,43.17,29.149,3.487,5.031,0.0,0.0,64241.75,
Russia,1993,RUS,148135377.0,1453307985920.0,5.454,90.818,18.555,46.184,26.079,3.728,5.452,0.0,0.0,60209.324,
Russia,1994,RUS,148200678.0,1297672699904.0,6.035,90.611,17.791,47.564,25.256,3.354,6.032,0.0,0.0,54914.895,
Russia,1995,RUS,148291356.0,1274033471488.0,6.39,90.002,18.114,48.593,23.295,3.607,6.388,0.0,0.0,51938.52,
Russia,1996,RUS,148084532.0,1256336523264.0,5.811,90.085,18.466,50.755,20.863,4.104,5.809,0.0,0.0,50060.609,
Russia,1997,RUS,147853713.0,1303661510656.0,6.271,89.409,18.01,49.512,21.887,4.32,6.269,0.0,0.0,47418.523,
Russia,1998,RUS,147635488.0,1263722561536.0,6.325,89.537,16.895,51.638,21.005,4.137,6.323,0.0,0.0,47400.168,
Russia,1999,RUS,147241915.0,1375023529984.0,6.326,88.873,16.821,50.843,21.209,4.802,6.323,0.0,0.0,48128.535,
Russia,2000,RUS,146717736.0,1547057496064.0,6.354,88.587,17.139,51.024,20.424,5.059,6.35,0.0,0.0,49169.859,470.049
Russia,2001,RUS,146117233.0,1662886739968.0,6.595,88.216,16.46,51.052,20.705,5.189,6.59,0.0,0.0,50153.344,458.402
Russia,2002,RUS,145939456.0,1781424717824.0,6.127,88.529,16.595,51.878,20.056,5.344,6.119,0.0,0.0,50010.195,463.143
Russia,2003,RUS,145794184.0,1955876044800.0,5.738,88.735,16.356,52.019,20.36,5.526,5.722,0.0,0.0,51088.918,465.377
Russia,2004,RUS,145180052.0,2143914688512.0,6.387,88.367,15.54,52.918,19.91,5.246,6.368,0.0,0.0,51757.027,453.821
Russia,2005,RUS,144597838.0,2331247116288.0,6.235,88.383,14.734,53.638,20.011,5.382,6.216,0.0,0.0,51894.988,457.494
Russia,2006,RUS,144102900.0,2576148332544.0,5.962,88.675,14.469,54.079,20.127,5.364,5.941,0.0,0.0,54384.309,462.595
Russia,2007,RUS,143859724.0,2858759225344.0,6.025,88.545,13.931,54.695,19.919,5.43,6.006,0.0,0.0,54764.008,458.28
Russia,2008,RUS,143811787.0,3078094323712.0,5.539,88.998,14.87,53.668,20.46,5.463,5.519,0.0,0.0,55034.613,475.212
Russia,2009,RUS,143869089.0,2903690444800.0,6.13,88.133,14.32,53.151,20.661,5.737,6.109,0.0,0.0,52284.961,452.18
Russia,2010,RUS,143934422.0,3105249296384.0,5.597,88.695,13.538,54.518,20.64,5.707,5.576,0.0,0.0,54290.25,458.103
Russia,2011,RUS,144043700.0,3306765942784.0,5.274,89.156,13.593,54.159,21.405,5.57,5.252,0.0,0.0,56097.898,461.398
Russia,2012,RUS,144290965.0,3439833120768.0,5.226,89.12,14.145,52.968,22.007,5.654,5.206,0.0,0.0,56333.141,461.904
Russia,2013,RUS,144604052.0,3500216680448.0,5.816,88.664,13.17,53.159,22.334,5.52,5.797,0.0,0.0,55548.41,450.174
Russia,2014,RUS,144925588.0,3525987794944.0,5.531,88.733,12.7,52.646,23.387,5.735,5.502,0.003,0.005,55599.305,449.286
Russia,2015,RUS,145307563.0,3456429719552.0,5.423,88.308,13.573,51.775,22.961,6.269,5.388,0.005,0.011,54577.719,444.354
Russia,2016,RUS,145778617.0,3463124090880.0,5.807,88.052,12.903,52.288,22.861,6.141,5.766,0.005,0.015,55468.105,442.744
Russia,2017,RUS,146186752.0,3526353747968.0,5.769,87.957,12.058,53.255,22.645,6.274,5.718,0.004,0.017,55653.078,439.629
Russia,2018,RUS,146430090.0,3625347448832.0,5.709,88.227,12.01,54.161,22.056,6.064,5.651,0.007,0.019,57585.219,439.33
Russia,2019,RUS,146533005.0,3705035816960.0,5.855,87.933,11.897,53.355,22.681,6.212,5.778,0.009,0.029,57120.445,440.035
Russia,2020,RUS,146371239.0,3606716612608.0,6.679,86.683,11.343,52.731,22.609,6.638,6.531,0.035,0.057,55172.816,417.654
Russia,2021,RUS,145836117.0,3809571241984.0,6.586,86.804,11.435,52.074,23.295,6.61,6.376,0.077,0.069,57127.59,426.828
Russia,2022,RUS,145579843.0,3731440795648.0,5.92,87.678,12.371,52.223,23.084,6.401,5.656,0.12,0.069,59257.926,438.42
Russia,2023,RUS,145440454.0,,5.913,88.004,12.162,52.013,23.829,6.083,5.621,0.133,0.074,60237.051,445.024
Russia,2024,RUS,144820370.0,,5.999,88.159,11.562,52.96,23.638,5.841,5.701,0.124,0.079,62485.336,449.196
Singapore,1990,SGP,3039544.0,69065572352.0,0.097,99.903,0.091,0.0,99.811,0.0,0.0,0.0,0.0,89850.188,
Singapore,1991,SGP,3136244.0,74103365632.0,0.275,99.725,0.053,0.0,99.672,0.0,0.0,0.0,0.0,88741.484,
Singapore,1992,SGP,3226410.0,80052592640.0,0.256,99.744,0.072,3.5,96.172,0.0,0.0,0.0,0.0,92544.805,
Singapore,1993,SGP,3317840.0,89698197504.0,0.235,99.765,0.073,4.369,95.324,0.0,0.0,0.0,0.0,98320.57,
Singapore,1994,SGP,3417765.0,100708564992.0,0.205,99.795,0.076,3.82,95.899,0.0,0.0,0.0,0.0,109160.086,
Singapore,1995,SGP,3533576.0,109097197568.0,0.197,99.803,0.034,3.664,96.105,0.0,0.0,0.0,0.0,110070.039,
Singapore,1996,SGP,3664512.0,120135524352.0,0.195,99.805,0.001,3.631,96.173,0.0,0.0,0.0,0.0,107102.156,
Singapore,1997,SGP,3796580.0,132363362304.0,0.185,99.815,0.0,3.452,96.362,0.0,0.0,0.0,0.0,108729.602,
Singapore,1998,SGP,3901362.0,131914186752.0,0.183,99.817,0.0,3.405,96.412,0.0,0.0,0.0,0.0,107272.609,
Singapore,1999,SGP,3966504.0,139187634176.0,0.185,99.815,0.0,3.439,96.376,0.0,0.0,0.0,0.0,104456.266,
Singapore,2000,SGP,4035193.0,152153571328.0,0.173,99.827,0.0,3.741,96.086,0.0,0.0,0.0,0.0,109787.672,657.089
Singapore,2001,SGP,4116123.0,152550785024.0,0.295,99.705,0.0,8.699,91.005,0.0,0.0,0.0,0.0,121648.578,598.306
Singapore,2002,SGP,4146847.0,157982998528.0,0.307,99.693,0.016,9.763,89.914,0.0,0.0,0.0,0.0,116290.797,586.267
Singapore,2003,SGP,4138194.0,160287784960.0,0.341,99.659,0.022,11.252,88.385,0.0,0.0,0.0,0.0,109775.867,570.498
Singapore,2004,SGP,4172716.0,175483142144.0,0.292,99.708,0.016,12.049,87.643,0.0,0.0,0.0,0.0,123066.281,555.676
Singapore,2005,SGP,4268321.0,190691508224.0,0.275,99.725,0.018,11.407,88.299,0.0,0.0,0.0,0.0,127052.867,545.526
Singapore,2006,SGP,4407007.0,211578601472.0,0.247,99.753,0.01,13.61,86.133,0.0,0.0,0.0,0.0,135880.094,539.377
Singapore,2007,SGP,4596463.0,237920174080.0,0.238,99.762,0.015,12.568,87.18,0.0,0.0,0.0,0.0,141083.859,537.807
Singapore,2008,SGP,4806683.0,252508192768.0,0.236,99.764,0.008,12.619,87.137,0.0,0.0,0.0,0.0,143674.906,534.197
Singapore,2009,SGP,4968522.0,256114458624.0,0.223,99.777,0.006,12.373,87.398,0.0,0.0,0.0,0.001,149340.75,533.493
Singapore,2010,SGP,5076973.0,297586786304.0,0.233,99.767,0.011,10.525,89.23,0.0,0.0,0.0,0.001,156004.969,539.682
Singapore,2011,SGP,5182186.0,319718129664.0,0.231,99.769,0.009,10.056,89.704,0.0,0.0,0.0,0.002,159037.094,538.043
Singapore,2012,SGP,5293298.0,333899235328.0,0.242,99.758,0.035,10.743,88.98,0.0,0.0,0.0,0.003,157042.281,525.565
Singapore,2013,SGP,5385542.0,349985243136.0,0.265,99.735,0.363,11.879,87.492,0.0,0.0,0.0,0.004,156554.172,507.609
Singapore,2014,SGP,5457856.0,363759075328.0,0.277,99.723,0.525,12.075,87.122,0.0,0.0,0.0,0.008,157656.016,506.897
Singapore,2015,SGP,5525299.0,374587424768.0,0.292,99.708,0.519,12.702,86.487,0.0,0.0,0.0,0.014,164989.938,506.961
Singapore,2016,SGP,5577892.0,388078796800.0,0.284,99.716,0.516,12.387,86.813,0.0,0.0,0.0,0.023,172267.969,506.493
Singapore,2017,SGP,5604041.0,405715943424.0,0.277,99.723,1.059,12.462,86.202,0.0,0.0,0.0,0.031,175961.438,507.269
Singapore,2018,SGP,5634310.0,420222009344.0,0.274,99.726,0.559,12.367,86.801,0.0,0.0,0.0,0.034,176344.125,507.079
Singapore,2019,SGP,5669500.0,425816260608.0,0.293,99.707,0.547,12.878,86.282,0.0,0.0,0.0,0.049,171885.953,506.095
Singapore,2020,SGP,5620104.0,409204981760.0,0.314,99.686,0.552,13.795,85.34,0.0,0.0,0.0,0.08,162518.469,504.617
Singapore,2021,SGP,5546240.0,445551968256.0,0.338,99.662,0.592,14.641,84.429,0.0,0.0,0.0,0.107,164444.094,506.184
Singapore,2022,SGP,5649833.0,461801127936.0,0.521,99.479,0.539,14.584,84.356,0.0,0.0,0.0,0.183,158523.266,504.216
Singapore,2023,SGP,5789037.0,,0.493,99.507,0.395,12.442,86.67,0.0,0.0,0.0,0.229,171242.703,500.872
Singapore,2024,SGP,5832343.0,,0.545,99.455,0.333,12.32,86.802,0.0,0.0,0.0,0.295,180702.812,498.742
South Africa,1990,ZAF,40746216.0,235128504320.0,0.273,97.447,76.085,1.915,19.447,2.281,0.273,0.0,0.0,25270.297,
South Africa,1991,ZAF,41687861.0,237880803328.0,0.539,96.975,75.269,1.952,19.754,2.487,0.539,0.0,0.0,24521.48,
South Africa,1992,ZAF,42443459.0,238567243776.0,0.204,97.283,75.187,1.794,20.301,2.514,0.204,0.0,0.0,24197.797,
South Africa,1993,ZAF,43297110.0,247203446784.0,0.04,97.994,75.598,1.243,21.153,1.967,0.04,0.0,0.0,23679.596,
South Africa,1994,ZAF,44004087.0,261851807744.0,0.279,97.2,74.834,1.194,21.172,2.521,0.279,0.0,0.0,24300.219,
South Africa,1995,ZAF,44541512.0,277583790080.0,0.132,97.057,74.297,1.156,21.604,2.811,0.132,0.0,0.0,25089.322,
South Africa,1996,ZAF,45122972.0,296908029952.0,0.338,96.79,73.981,0.987,21.821,2.872,0.322,0.0,0.0,25259.035,
South Africa,1997,ZAF,45666787.0,311987503104.0,0.538,96.445,73.951,0.8,21.694,3.017,0.499,0.0,0.0,25522.766,
South Africa,1998,ZAF,46223832.0,320149749760.0,0.45,96.247,73.015,0.813,22.419,3.303,0.387,0.0,0.0,24771.324,
South Africa,1999,ZAF,46730283.0,334638448640.0,0.223,96.763,73.78,1.003,21.979,3.015,0.17,0.0,0.0,25331.424,
South Africa,2000,ZAF,47159672.0,356072095744.0,0.386,96.562,73.285,0.962,22.315,3.051,0.258,0.0,0.002,25135.525,799.402
South Africa,2001,ZAF,47566761.0,374889021440.0,0.513,97.0,73.162,1.162,22.676,2.487,0.399,0.0,0.003,25049.77,806.235
South Africa,2002,ZAF,48019362.0,396137562112.0,0.661,96.506,71.432,1.2,23.875,2.832,0.492,0.0,0.003,24180.35,802.285
South Africa,2003,ZAF,48500305.0,413710090240.0,0.328,96.927,73.264,0.837,22.825,2.745,0.179,0.001,0.003,25937.115,807.668
South Africa,2004,ZAF,48991365.0,439265853440.0,0.327,97.033,73.559,1.774,21.7,2.64,0.188,0.002,0.003,28020.705,806.917
South Africa,2005,ZAF,49489992.0,470188851200.0,0.384,97.278,71.648,2.661,22.968,2.338,0.276,0.002,0.004,26254.229,812.681
South Africa,2006,ZAF,49998227.0,505574490112.0,0.692,97.285,71.514,2.826,22.945,2.023,0.585,0.002,0.004,26522.154,813.483
South Africa,2007,ZAF,50528523.0,542976212992.0,0.723,97.066,71.486,2.785,22.794,2.211,0.56,0.002,0.004,26958.902,810.05
South Africa,2008,ZAF,51114550.0,571660828672.0,0.373,97.275,74.416,2.689,20.17,2.352,0.228,0.004,0.004,28557.361,809.4
South Africa,2009,ZAF,51728471.0,574768021504.0,0.39,97.296,75.138,2.289,19.869,2.314,0.262,0.005,0.004,28093.119,807.902
South Africa,2010,ZAF,52344000.0,607601623040.0,0.31,97.282,73.792,2.818,20.673,2.408,0.203,0.006,0.005,27968.605,807.589
South Africa,2011,ZAF,52995162.0,645388107776.0,0.692,96.995,72.852,2.963,21.18,2.313,0.549,0.007,0.014,27289.547,803.382
South Africa,2012,ZAF,53782518.0,660853030912.0,0.358,97.294,72.189,3.062,22.044,2.348,0.184,0.007,0.016,26478.934,806.847
South Africa,2013,ZAF,54678742.0,677278318592.0,0.397,97.079,71.887,2.836,22.356,2.524,0.198,0.007,0.043,26163.158,799.133
South Africa,2014,ZAF,55594796.0,686853914624.0,0.81,96.764,71.942,2.971,21.85,2.426,0.316,0.188,0.189,26046.414,791.608
South Africa,2015,ZAF,56723493.0,695933206528.0,1.29,96.518,69.073,3.055,24.39,2.191,0.131,0.55,0.492,24952.904,789.936
South Africa,2016,ZAF,57259496.0,700558016512.0,1.482,95.963,71.052,2.473,22.438,2.555,0.106,0.716,0.557,25848.301,778.678
South Africa,2017,ZAF,57635106.0,708670128128.0,2.16,95.43,70.153,2.724,22.553,2.41,0.132,1.192,0.72,25594.5,768.047
South Africa,2018,ZAF,58612952.0,719458336768.0,2.29,95.663,69.654,3.134,22.875,2.047,0.195,1.133,0.808,24053.717,774.588
South Africa,2019,ZAF,59587828.0,721641603072.0,2.24,95.527,71.12,2.901,21.506,2.233,0.125,1.117,0.826,24698.135,765.649
South Africa,2020,ZAF,60562321.0,675871719424.0,2.582,95.667,73.21,2.842,19.615,1.75,0.259,1.133,1.008,23110.025,766.976
South Africa,2021,ZAF,61502553.0,709077893120.0,3.247,94.583,71.035,2.994,20.554,2.17,0.354,1.52,1.192,22855.152,744.464
South Africa,2022,ZAF,62378377.0,723559317504.0,3.648,94.504,69.892,3.179,21.432,1.848,0.567,1.775,1.134,21580.703,729.725
South Africa,2023,ZAF,63212339.0,,3.757,94.795,70.059,3.478,21.258,1.448,0.358,2.074,1.144,21641.166,709.693
South Africa,2024,ZAF,64007137.0,,3.557,95.044,71.818,3.51,19.715,1.4,0.197,1.992,1.184,21286.564,708.876
South Korea,1990,KOR,44081380.0,594764496896.0,1.211,85.12,27.287,2.944,54.889,13.669,1.211,0.0,0.0,24471.604,
South Korea,1991,KOR,44439112.0,651871518720.0,0.793,86.395,24.64,3.002,58.753,12.811,0.793,0.0,0.0,27564.336,
South Korea,1992,KOR,44653652.0,687368634368.0,0.627,87.934,21.208,3.493,63.234,11.439,0.627,0.0,0.0,30831.434,
South Korea,1993,KOR,44887672.0,729369214976.0,0.78,88.494,21.213,3.978,63.303,10.725,0.78,0.0,0.0,33638.832,
South Korea,1994,KOR,45130788.0,791073849344.0,0.401,89.592,20.424,4.898,64.27,10.008,0.4,0.0,0.0,36159.227,
South Korea,1995,KOR,45368368.0,860793733120.0,0.476,89.04,19.328,5.43,64.282,10.484,0.432,0.0,0.0,39243.383,
South Korea,1996,KOR,45638655.0,919812636672.0,0.408,89.118,20.32,6.498,62.3,10.473,0.343,0.0,0.0,43066.922,
South Korea,1997,KOR,45941485.0,967604895744.0,0.377,89.627,19.71,7.228,62.688,9.997,0.365,0.0,0.0,46735.496,
South Korea,1998,KOR,46230834.0,908368084992.0,0.617,86.662,22.217,7.396,57.049,12.721,0.607,0.0,0.001,42494.543,
South Korea,1999,KOR,46500333.0,1004162514944.0,0.556,86.022,21.571,8.268,56.183,13.422,0.542,0.001,0.001,46019.309,
South Korea,2000,KOR,46766608.0,1086261690368.0,0.508,86.061,22.813,8.79,54.459,13.431,0.494,0.002,0.001,48342.148,461.594
South Korea,2001,KOR,47043411.0,1127616217088.0,0.293,86.29,23.699,9.424,53.167,13.417,0.279,0.002,0.001,49220.004,475.281
South Korea,2002,KOR,47299074.0,1203066634240.0,0.393,86.083,24.287,10.02,51.775,13.524,0.367,0.002,0.001,51178.93,472.787
South Korea,2003,KOR,47514113.0,1229830488064.0,0.562,85.241,24.451,10.175,50.616,14.197,0.535,0.003,0.001,52558.258,457.889
South Korea,2004,KOR,47697022.0,1281243873280.0,0.499,85.645,25.111,11.607,48.927,13.856,0.457,0.005,0.001,53768.199,462.611
South Korea,2005,KOR,47851594.0,1322354606080.0,0.421,84.595,24.783,12.066,47.746,14.984,0.375,0.013,0.001,55225.688,449.56
South Korea,2006,KOR,48006467.0,1381281431552.0,0.42,84.723,25.195,12.514,47.014,14.857,0.346,0.024,0.003,55951.668,451.177
South Korea,2007,KOR,48178072.0,1446721486848.0,0.477,85.736,25.711,13.159,46.866,13.787,0.35,0.036,0.007,57405.48,473.614
South Korea,2008,KOR,48356441.0,1477425233920.0,0.502,85.306,28.1,13.303,43.904,14.191,0.289,0.041,0.027,58237.039,477.463
South Korea,2009,KOR,48546637.0,1477640585216.0,0.545,85.721,29.001,12.568,44.152,13.734,0.261,0.064,0.053,58354.688,495.679
South Korea,2010,KOR,48769268.0,1562822836224.0,0.63,86.668,30.073,14.777,41.819,12.702,0.315,0.07,0.066,62667.078,500.687
South Korea,2011,KOR,49127592.0,1609219833856.0,0.743,86.725,31.343,15.146,40.235,12.532,0.372,0.07,0.075,65306.504,497.067
South Korea,2012,KOR,49599543.0,1647889350656.0,0.816,87.203,29.735,16.245,41.223,11.982,0.316,0.073,0.09,65380.516,502.259
South Korea,2013,KOR,50071119.0,1700045127680.0,0.999,88.022,29.724,17.005,41.294,10.979,0.339,0.091,0.132,64755.367,512.296
South Korea,2014,KOR,50539008.0,1754480640000.0,1.259,86.53,30.387,15.342,40.801,12.211,0.215,0.089,0.21,64690.035,493.634
South Korea,2015,KOR,50983856.0,1803763843072.0,1.451,85.947,30.05,13.791,42.107,12.601,0.164,0.103,0.324,65128.629,488.116
South Korea,2016,KOR,51297794.0,1856920748032.0,1.65,86.475,28.243,13.9,44.331,11.875,0.209,0.123,0.404,67038.789,489.884
South Korea,2017,KOR,51486222.0,1915599585280.0,1.971,87.331,29.614,14.344,43.374,10.697,0.202,0.156,0.558,67581.516,510.886
South Korea,2018,KOR,51640842.0,1971285917696.0,2.384,88.268,29.779,16.272,42.216,9.349,0.235,0.173,0.712,68987.492,518.283
South Korea,2019,KOR,51767790.0,2015521669120.0,2.807,86.886,28.457,15.992,42.437,10.307,0.197,0.189,1.003,67917.414,496.438
South Korea,2020,KOR,51858440.0,2001231675392.0,3.466,84.82,26.147,17.041,41.632,11.714,0.284,0.23,1.414,65364.66,457.357
South Korea,2021,KOR,51848358.0,2084182687744.0,3.877,85.19,25.538,17.531,42.121,10.933,0.211,0.22,1.71,68918.633,459.277
South Korea,2022,KOR,51782473.0,2137558614016.0,4.333,83.668,24.24,17.304,42.124,12.0,0.241,0.23,2.094,69899.516,438.184
South Korea,2023,KOR,51748695.0,,4.66,82.906,23.866,16.968,42.072,12.434,0.256,0.234,2.29,68753.391,432.111
South Korea,2024,KOR,51717546.0,,4.748,82.465,22.009,17.678,42.778,12.787,0.291,0.228,2.217,69922.461,414.273
Sweden,1990,SWE,8558526.0,240234004480.0,33.094,36.698,5.495,0.959,30.244,30.207,32.123,0.003,0.0,75270.742,
Sweden,1991,SWE,8616913.0,237950140416.0,28.996,36.947,5.372,1.026,30.549,34.057,28.062,0.006,0.0,74520.336,
Sweden,1992,SWE,8667529.0,235756847104.0,33.494,38.74,4.927,1.14,32.674,27.765,32.493,0.014,0.0,75337.75,
Sweden,1993,SWE,8717989.0,231558414336.0,34.016,38.912,5.062,1.256,32.594,27.072,32.915,0.023,0.0,74232.242,
Sweden,1994,SWE,8780150.0,241524293632.0,26.997,40.984,5.1,1.237,34.648,32.019,25.866,0.033,0.0,74005.484,
Sweden,1995,SWE,8826250.0,251741126656.0,30.274,39.844,4.978,1.209,33.656,29.883,29.097,0.045,0.0,75530.32,
Sweden,1996,SWE,8840281.0,256498925568.0,23.689,43.889,5.633,1.324,36.933,32.422,22.586,0.063,0.0,73552.383,
Sweden,1997,SWE,8845470.0,264171110400.0,30.62,39.797,4.664,1.267,33.865,29.583,29.214,0.086,0.0,76127.516,
Sweden,1998,SWE,8850553.0,276040712192.0,31.589,38.68,4.485,1.199,32.996,29.731,30.2,0.124,0.0,79714.164,
Sweden,1999,SWE,8857642.0,289702805504.0,31.011,38.762,4.382,1.229,33.151,30.228,29.609,0.148,0.0,77902.398,
Sweden,2000,SWE,8872062.0,303452356608.0,36.656,38.229,4.707,1.275,32.247,25.115,34.435,0.2,0.0,73464.648,44.894
Sweden,2001,SWE,8895980.0,308398096384.0,34.203,36.394,4.773,1.346,30.276,29.403,32.238,0.197,0.001,78210.195,46.782
Sweden,2002,SWE,8924991.0,317463789568.0,31.103,39.418,5.485,1.466,32.468,29.478,28.719,0.263,0.001,72770.094,56.237
Sweden,2003,SWE,8958387.0,326402408448.0,27.305,41.848,5.717,1.554,34.578,30.846,24.498,0.311,0.001,68007.477,68.543
Sweden,2004,SWE,8993754.0,341901246464.0,29.336,38.245,5.394,1.419,31.432,32.419,25.289,0.355,0.001,73895.367,48.034
Sweden,2005,SWE,9029713.0,354496937984.0,33.911,36.271,4.885,1.339,30.046,29.818,29.7,0.385,0.001,74532.82,43.13
Sweden,2006,SWE,9080584.0,372234682368.0,31.833,39.05,5.748,1.494,31.808,29.117,26.786,0.43,0.001,69394.562,49.693
Sweden,2007,SWE,9148219.0,387881828352.0,34.16,37.365,5.266,1.516,30.583,28.476,28.136,0.609,0.001,70080.0,46.029
Sweden,2008,SWE,9219853.0,388980506624.0,36.048,36.847,5.298,1.384,30.165,27.104,29.391,0.849,0.002,69259.805,47.832
Sweden,2009,SWE,9298692.0,373026357248.0,38.656,37.095,4.113,2.035,30.947,24.248,30.461,1.157,0.003,62354.254,51.098
Sweden,2010,SWE,9378187.0,399838969856.0,37.37,37.797,5.134,2.555,30.108,24.833,28.897,1.5,0.004,66295.906,63.725
Sweden,2011,SWE,9449207.0,397617922048.0,38.676,35.016,4.652,2.051,28.313,26.308,29.174,2.658,0.006,64769.008,52.302
Sweden,2012,SWE,9519430.0,395278745600.0,42.346,31.323,3.804,1.699,25.819,26.331,32.459,2.946,0.008,67781.844,44.701
Sweden,2013,SWE,9600578.0,399973744640.0,38.22,32.824,4.159,1.744,26.921,28.956,26.736,4.288,0.015,62865.32,44.697
Sweden,2014,SWE,9696389.0,410604240896.0,39.703,32.036,3.943,1.439,26.654,28.261,27.776,4.894,0.02,61958.797,40.18
Sweden,2015,SWE,9799437.0,429037420544.0,45.535,30.83,3.827,1.547,25.456,23.635,31.589,6.846,0.041,63479.344,40.864
Sweden,2016,SWE,9923227.0,437921054720.0,40.906,32.326,3.822,1.687,26.818,26.768,26.358,6.567,0.061,61411.531,42.979
Sweden,2017,SWE,10057811.0,449166540800.0,41.625,31.609,3.683,1.567,26.359,26.765,26.507,7.174,0.094,62771.395,42.501
Sweden,2018,SWE,10175356.0,457925394432.0,41.607,29.607,3.8,1.717,24.09,28.787,26.098,6.978,0.164,59869.637,42.728
Sweden,2019,SWE,10279068.0,467020677120.0,43.747,29.312,3.706,1.692,23.914,26.942,26.602,8.086,0.27,60882.855,42.335
Sweden,2020,SWE,10353627.0,456885338112.0,51.056,28.042,3.203,1.705,23.134,20.902,30.711,11.695,0.44,57977.688,38.71
Sweden,2021,SWE,10416075.0,481492434944.0,50.01,28.762,3.08,1.729,23.952,21.229,29.577,10.865,0.604,60836.695,41.739
Sweden,2022,SWE,10487289.0,494214545408.0,52.434,26.392,3.06,1.327,22.005,21.175,28.457,13.477,0.8,59279.469,41.029
Sweden,2023,SWE,10551441.0,,52.459,27.144,3.217,1.514,22.413,20.397,27.812,14.339,1.304,56803.238,38.392
Sweden,2024,SWE,10606934.0,,51.318,27.79,3.175,1.608,23.007,20.892,26.686,16.726,1.711,57509.895,35.824
United Kingdom,1990,GBR,57367820.0,1505692221440.0,0.643,92.062,30.17,21.919,39.973,7.295,0.568,0.001,0.0,43724.746,
United Kingdom,1991,GBR,57555147.0,1488075358208.0,0.578,91.756,29.599,23.19,38.967,7.666,0.493,0.001,0.0,44500.219,
United Kingdom,1992,GBR,57719216.0,1491752058880.0,0.704,90.896,28.01,23.228,39.657,8.401,0.585,0.004,0.0,44098.441,
United Kingdom,1993,GBR,57860992.0,1527509024768.0,0.635,89.702,24.119,26.174,39.41,9.663,0.465,0.023,0.0,44498.461,
United Kingdom,1994,GBR,58003148.0,1585373249536.0,0.785,89.551,22.795,27.281,39.475,9.664,0.56,0.038,0.0,43856.637,
United Kingdom,1995,GBR,58154574.0,1623858085888.0,0.752,89.543,21.676,28.988,38.879,9.705,0.508,0.043,0.0,43892.426,
United Kingdom,1996,GBR,58298512.0,1663446679552.0,0.615,89.535,19.326,32.206,38.003,9.85,0.353,0.051,0.0,45906.746,
United Kingdom,1997,GBR,58447041.0,1713864572928.0,0.788,88.819,17.543,33.708,37.568,10.393,0.466,0.071,0.0,44997.98,
United Kingdom,1998,GBR,58626774.0,1766619873280.0,0.943,88.606,16.967,34.768,36.871,10.45,0.538,0.092,0.0,45228.793,
United Kingdom,1999,GBR,58838619.0,1823341936640.0,1.06,88.901,15.155,37.189,36.557,10.039,0.563,0.09,0.0,44855.219,
United Kingdom,2000,GBR,59057278.0,1889565278208.0,1.087,90.022,16.072,38.131,35.819,8.891,0.532,0.099,0.0,45110.719,521.986
United Kingdom,2001,GBR,59288055.0,1939268304896.0,1.043,89.689,16.851,37.554,35.284,9.267,0.417,0.099,0.0,45402.168,528.991
United Kingdom,2002,GBR,59540709.0,1983994265600.0,1.237,89.591,15.827,37.932,35.832,9.172,0.5,0.131,0.0,44185.57,520.891
United Kingdom,2003,GBR,59820332.0,2050625372160.0,1.194,89.729,16.645,37.489,35.595,9.077,0.33,0.132,0.0,44612.496,536.777
United Kingdom,2004,GBR,60169911.0,2099526631424.0,1.549,90.375,16.111,37.99,36.274,8.076,0.489,0.196,0.0,44717.562,536.023
United Kingdom,2005,GBR,60596057.0,2161729470464.0,1.86,90.031,16.278,36.73,37.022,8.109,0.489,0.289,0.001,44766.648,535.258
United Kingdom,2006,GBR,61051051.0,2212618829824.0,2.047,90.403,18.002,35.278,37.123,7.55,0.46,0.424,0.001,43870.457,559.343
United Kingdom,2007,GBR,61535810.0,2267631583232.0,2.337,91.212,17.429,36.676,37.106,6.451,0.52,0.54,0.001,42319.949,556.06
United Kingdom,2008,GBR,62027249.0,2252034801664.0,2.81,91.766,16.464,38.32,36.982,5.424,0.531,0.733,0.002,41253.098,554.376
United Kingdom,2009,GBR,62506169.0,2151479246848.0,2.989,89.504,14.351,37.761,37.392,7.507,0.568,1.008,0.002,38761.16,504.645
United Kingdom,2010,GBR,63006430.0,2190919860224.0,3.043,90.401,14.375,39.904,36.122,6.556,0.379,1.085,0.004,39284.031,517.196
United Kingdom,2011,GBR,63509238.0,2223011266560.0,4.268,88.041,15.394,35.253,37.394,7.691,0.635,1.78,0.027,36722.035,499.633
United Kingdom,2012,GBR,63960443.0,2255210414080.0,4.869,87.462,19.072,32.502,35.888,7.669,0.578,2.162,0.147,37134.609,537.225
United Kingdom,2013,GBR,64389337.0,2296252465152.0,6.655,85.748,18.295,32.106,35.347,7.596,0.506,3.055,0.216,37094.234,506.922
United Kingdom,2014,GBR,64865865.0,2369725399040.0,8.506,84.265,15.652,31.222,37.391,7.229,0.668,3.624,0.46,34774.953,462.879
United Kingdom,2015,GBR,65382063.0,2426435796992.0,10.562,81.576,12.243,31.807,37.526,7.862,0.704,4.501,0.842,34863.801,397.793
United Kingdom,2016,GBR,65893305.0,2478973124608.0,10.659,81.267,6.324,35.794,39.149,8.074,0.605,4.183,1.172,34099.395,333.451
United Kingdom,2017,GBR,66354423.0,2539548573696.0,12.44,79.69,5.112,35.012,39.565,7.87,0.658,5.554,1.282,33924.535,302.2
United Kingdom,2018,GBR,66752425.0,2582848208896.0,13.98,78.758,4.326,35.376,39.056,7.262,0.608,6.351,1.414,33653.074,285.599
United Kingdom,2019,GBR,67110910.0,2624285048832.0,15.684,77.919,3.17,35.817,38.933,6.396,0.675,7.267,1.414,32677.021,268.32
United Kingdom,2020,GBR,67351806.0,2334803886080.0,19.068,74.612,3.2,37.429,33.983,6.32,0.865,9.513,1.578,29440.082,246.681
United Kingdom,2021,GBR,67668749.0,2512190177280.0,17.482,76.764,3.257,38.996,34.511,5.754,0.676,8.103,1.514,29422.256,268.743
United Kingdom,2022,GBR,68179267.0,2615230595072.0,19.072,75.077,2.977,35.413,36.687,5.851,0.699,9.942,1.647,29480.279,250.768
United Kingdom,2023,GBR,68682907.0,,19.976,74.837,2.673,33.326,38.838,5.187,0.708,10.516,1.774,28094.709,228.246
United Kingdom,2024,GBR,69138140.0,,21.293,73.543,2.45,32.27,38.822,5.164,0.733,10.696,1.882,28015.789,210.891
United States,1990,USA,253373337.0,9250377039872.0,4.516,87.995,23.701,22.958,41.335,7.489,3.605,0.035,0.005,89232.734,
United States,1991,USA,256471373.0,9224687976448.0,4.519,87.517,23.51,23.494,40.514,7.964,3.549,0.037,0.006,88039.922,
United States,1992,USA,259605966.0,9552658432000.0,4.083,87.992,23.32,23.931,40.741,7.925,3.059,0.035,0.005,88261.109,
United States,1993,USA,262633187.0,9814940844032.0,4.377,87.967,23.692,24.022,40.252,7.656,3.328,0.036,0.006,89083.891,
United States,1994,USA,265474761.0,10211205054464.0,4.076,88.035,23.351,24.143,40.54,7.889,3.035,0.041,0.006,89741.602,
United States,1995,USA,268205740.0,10488856444928.0,4.551,87.328,23.069,24.664,39.595,8.121,3.566,0.037,0.006,90763.969,
United States,1996,USA,270860655.0,10886951469056.0,4.791,87.336,23.332,24.296,39.708,7.872,3.852,0.036,0.006,92908.93,
United States,1997,USA,273467966.0,11375561670656.0,4.884,87.836,23.646,24.258,39.933,7.279,3.916,0.037,0.006,92713.219,
United States,1998,USA,276119277.0,11881793191936.0,4.489,87.76,23.725,23.695,40.34,7.751,3.521,0.033,0.006,92399.789,
United States,1999,USA,278785441.0,12438444441600.0,4.383,87.384,23.277,23.364,40.742,8.233,3.4,0.049,0.006,93136.414,
United States,2000,USA,281484082.0,12947416940544.0,3.856,87.81,23.768,23.758,40.284,8.334,2.865,0.059,0.005,94308.125,607.522
United States,2001,USA,284279583.0,13073809145856.0,3.287,88.059,23.616,23.25,41.193,8.653,2.248,0.073,0.006,91172.07,609.896
United States,2002,USA,287084300.0,13307342749696.0,3.851,87.563,23.277,23.668,40.618,8.586,2.7,0.109,0.006,91601.211,600.661
United States,2003,USA,289908046.0,13680911581184.0,4.012,87.655,23.64,22.907,41.108,8.333,2.798,0.117,0.006,91005.008,606.344
United States,2004,USA,292786200.0,14198910222336.0,3.944,87.665,23.333,22.554,41.777,8.391,2.654,0.144,0.007,91872.898,602.447
United States,2005,USA,295716618.0,14673826021376.0,4.055,87.693,23.669,22.196,41.828,8.252,2.671,0.18,0.008,91007.953,604.393
United States,2006,USA,298730164.0,15065164021760.0,4.502,87.169,23.494,22.051,41.625,8.329,2.87,0.27,0.008,89378.195,595.46
United States,2007,USA,301844176.0,15333184241664.0,4.222,87.409,23.479,23.136,40.793,8.369,2.396,0.343,0.011,89671.141,598.476
United States,2008,USA,304970280.0,15288553701376.0,4.833,86.656,23.693,23.905,39.058,8.511,2.518,0.561,0.016,86589.586,591.336
United States,2009,USA,308023398.0,14864003104768.0,5.601,85.574,21.922,24.696,38.955,8.825,2.85,0.783,0.022,81521.492,565.021
United States,2010,USA,311062741.0,15239587299328.0,5.642,85.799,22.443,25.079,38.277,8.559,2.592,0.963,0.03,83435.086,570.813
United States,2011,USA,314105041.0,15477885632512.0,6.653,84.934,21.37,25.7,37.864,8.414,3.197,1.228,0.048,81912.367,550.48
United States,2012,USA,317115301.0,15830887694336.0,6.652,84.978,19.402,27.594,37.983,8.37,2.832,1.47,0.093,78985.047,532.771
United States,2013,USA,320110710.0,16122472562688.0,6.888,84.818,19.611,27.608,37.598,8.295,2.662,1.693,0.16,80374.156,533.436
United States,2014,USA,323115328.0,16491318607872.0,7.015,84.734,19.364,27.911,37.458,8.251,2.515,1.804,0.287,80453.977,529.408
United States,2015,USA,326126448.0,16937634496512.0,7.219,84.492,16.89,29.011,38.591,8.288,2.434,1.903,0.389,78949.211,504.906
United States,2016,USA,329179362.0,17220065296384.0,7.993,83.681,15.475,29.269,38.937,8.326,2.589,2.251,0.544,78155.117,483.354
United States,2017,USA,332204602.0,17606123716608.0,8.755,82.997,15.002,28.809,39.185,8.249,2.889,2.501,0.76,77729.68,469.019
United States,2018,USA,335056439.0,18124692783104.0,8.64,83.423,13.856,30.87,38.697,7.937,2.705,2.573,0.881,79893.969,462.589
United States,2019,USA,337790020.0,18540551733248.0,8.967,83.053,11.922,32.202,38.929,7.98,2.674,2.799,1.011,78683.477,439.409
United States,2020,USA,339436106.0,18027359764480.0,10.123,81.489,10.444,34.129,36.916,8.388,2.853,3.444,1.332,72562.68,411.698
United States,2021,USA,340161392.0,19099377729536.0,10.116,82.05,11.383,32.418,38.25,7.834,2.377,3.647,1.585,76307.391,423.741
United States,2022,USA,341533996.0,19493170446336.0,10.875,81.552,10.448,33.414,37.69,7.573,2.343,4.091,1.932,77627.734,410.367
United States,2023,USA,343477286.0,,11.212,81.147,8.739,34.123,38.285,7.641,2.262,3.985,2.261,76326.867,392.848
United States,2024,USA,345426519.0,,12.05,80.33,8.333,34.24,37.758,7.619,2.21,4.24,2.835,76799.578,383.549
Venezuela,1990,VEN,19826964.0,256078512128.0,17.21,82.79,0.902,40.845,41.043,0.0,17.21,0.0,0.0,30441.107,
Venezuela,1991,VEN,20304851.0,282132283392.0,20.633,79.367,0.0,40.542,38.825,0.0,20.633,0.0,0.0,29925.918,
Venezuela,1992,VEN,20780903.0,301055410176.0,20.228,79.772,0.007,36.964,42.802,0.0,20.228,0.0,0.0,31645.143,
Venezuela,1993,VEN,21254472.0,303263907840.0,20.538,79.462,0.052,40.326,39.085,0.0,20.538,0.0,0.0,30612.725,
Venezuela,1994,VEN,21725143.0,297728606208.0,20.434,79.566,0.093,39.289,40.184,0.0,20.434,0.0,0.0,32512.023,
Venezuela,1995,VEN,22193779.0,310657286144.0,19.9,80.1,0.008,42.505,37.587,0.0,19.9,0.0,0.0,32774.824,
Venezuela,1996,VEN,22662059.0,311633018880.0,21.392,78.608,0.027,47.198,31.383,0.0,21.392,0.0,0.0,31279.711,
Venezuela,1997,VEN,23131643.0,332907937792.0,21.523,78.477,0.054,46.302,32.121,0.0,21.523,0.0,0.0,32395.258,
Venezuela,1998,VEN,23601294.0,335631908864.0,21.702,78.298,0.056,48.413,29.828,0.0,21.702,0.0,0.0,31852.369,
Venezuela,1999,VEN,24066549.0,316971286528.0,23.347,76.653,0.059,42.199,34.395,0.0,23.347,0.0,0.0,30409.596,
Venezuela,2000,VEN,24526662.0,330236198912.0,22.962,77.038,0.202,40.744,36.092,0.0,22.962,0.0,0.0,31476.449,212.736
Venezuela,2001,VEN,24979886.0,343312596992.0,20.705,79.295,0.071,40.734,38.49,0.0,20.705,0.0,0.0,32706.381,261.569
Venezuela,2002,VEN,25435624.0,314003718144.0,20.257,79.743,0.026,39.173,40.543,0.0,20.257,0.0,0.0,32074.764,274.143
Venezuela,2003,VEN,25892668.0,291333931008.0,22.8,77.2,0.069,38.704,38.426,0.0,22.8,0.0,0.0,28348.365,263.73
Venezuela,2004,VEN,26340788.0,346317455360.0,23.593,76.407,0.0,39.17,37.237,0.0,23.593,0.0,0.0,31015.162,228.615
Venezuela,2005,VEN,26785743.0,383570378752.0,24.798,75.202,0.052,36.42,38.731,0.0,24.798,0.0,0.0,31702.916,211.215
Venezuela,2006,VEN,27224637.0,423878557696.0,23.661,76.339,0.313,37.984,38.042,0.0,23.661,0.0,0.0,34305.965,207.209
Venezuela,2007,VEN,27649328.0,462276722688.0,22.963,77.037,0.168,38.751,38.118,0.0,22.963,0.0,0.0,35287.02,217.669
Venezuela,2008,VEN,28053644.0,488287076352.0,23.217,76.783,0.166,35.415,41.201,0.0,23.217,0.0,0.0,35657.441,215.675
Venezuela,2009,VEN,28438244.0,474358611968.0,22.612,77.388,0.277,34.342,42.769,0.0,22.612,0.0,0.0,35543.055,222.129
Venezuela,2010,VEN,28813062.0,477591732224.0,21.151,78.849,0.246,33.126,45.477,0.0,21.151,0.0,0.001,33214.418,252.022
Venezuela,2011,VEN,29185167.0,502688645120.0,21.631,78.369,0.24,33.462,44.667,0.0,21.63,0.0,0.001,34603.832,227.111
Venezuela,2012,VEN,29553788.0,530969919488.0,20.228,79.772,0.236,33.235,46.302,0.0,20.227,0.0,0.001,35695.203,279.869
Venezuela,2013,VEN,29912142.0,538100826112.0,20.392,79.608,0.239,31.57,47.8,0.0,20.368,0.022,0.001,34668.512,297.787
Venezuela,2014,VEN,30254025.0,517147164672.0,20.501,79.499,0.229,34.027,45.242,0.0,20.449,0.028,0.001,33491.02,341.491
Venezuela,2015,VEN,30573919.0,484975443968.0,19.806,80.194,0.224,38.693,41.276,0.0,19.766,0.02,0.001,31703.514,318.93
Venezuela,2016,VEN,30765670.0,402335662080.0,18.015,81.985,0.203,42.331,39.452,0.0,17.982,0.028,0.002,28931.092,356.764
Venezuela,2017,VEN,30565285.0,339285606400.0,20.355,79.645,0.174,44.803,34.667,0.0,20.32,0.028,0.001,28560.977,320.809
Venezuela,2018,VEN,29807542.0,272599023616.0,22.65,77.35,0.168,44.066,33.116,0.0,22.632,0.0,0.0,24419.066,320.931
Venezuela,2019,VEN,28938043.0,197170888704.0,24.05,75.95,0.135,39.539,36.276,0.0,24.026,0.023,0.001,22702.572,320.846
Venezuela,2020,VEN,28444030.0,138029481984.0,32.081,67.919,0.118,41.68,26.12,0.0,32.071,0.009,0.001,18557.854,184.573
Venezuela,2021,VEN,28237786.0,138656120832.0,28.157,71.843,0.093,47.265,24.485,0.0,28.149,0.008,0.0,21392.824,174.243
Venezuela,2022,VEN,28212961.0,149682061312.0,26.484,73.516,0.295,45.702,27.519,0.0,26.478,0.006,0.0,22898.947,180.427
Venezuela,2023,VEN,28300815.0,,25.759,74.241,0.335,43.147,30.759,0.0,25.752,0.006,0.0,24715.891,180.251
Venezuela,2024,VEN,28405508.0,,25.84,74.16,0.366,46.143,27.651,0.0,25.834,0.006,0.001,24591.906,
